period,price,lag_1,lag_2,lag_4,lag_8,lag_52,month,weekofyear
1994-04-04,1.011,1.012,1.007,1.007,1.007,1.068,4,14
1994-04-11,1.028,1.011,1.012,1.005,1.016,1.079,4,15
1994-04-18,1.033,1.028,1.011,1.007,1.009,1.079,4,16
1994-04-25,1.037,1.033,1.028,1.012,1.004,1.086,4,17
1994-05-02,1.04,1.037,1.033,1.011,1.007,1.086,5,18
1994-05-09,1.045,1.04,1.037,1.028,1.005,1.097,5,19
1994-05-16,1.046,1.045,1.04,1.033,1.007,1.106,5,20
1994-05-23,1.05,1.046,1.045,1.037,1.012,1.106,5,21
1994-05-30,1.056,1.05,1.046,1.04,1.011,1.107,5,22
1994-06-06,1.065,1.056,1.05,1.045,1.028,1.104,6,23
1994-06-13,1.073,1.065,1.056,1.046,1.033,1.101,6,24
1994-06-20,1.079,1.073,1.065,1.05,1.037,1.095,6,25
1994-06-27,1.095,1.079,1.073,1.056,1.04,1.089,6,26
1994-07-04,1.097,1.095,1.079,1.065,1.045,1.086,7,27
1994-07-11,1.103,1.097,1.095,1.073,1.046,1.081,7,28
1994-07-18,1.109,1.103,1.097,1.079,1.05,1.075,7,29
1994-07-25,1.114,1.109,1.103,1.095,1.056,1.069,7,30
1994-08-01,1.13,1.114,1.109,1.097,1.065,1.062,8,31
1994-08-08,1.157,1.13,1.114,1.103,1.073,1.06,8,32
1994-08-15,1.161,1.157,1.13,1.109,1.079,1.059,8,33
1994-08-22,1.165,1.161,1.157,1.114,1.095,1.065,8,34
1994-08-29,1.161,1.165,1.161,1.13,1.097,1.062,8,35
1994-09-05,1.156,1.161,1.165,1.157,1.103,1.055,9,36
1994-09-12,1.15,1.156,1.161,1.161,1.109,1.051,9,37
1994-09-19,1.14,1.15,1.156,1.165,1.114,1.045,9,38
1994-09-26,1.129,1.14,1.15,1.161,1.13,1.047,9,39
1994-10-03,1.12,1.129,1.14,1.156,1.157,1.092,10,40
1994-10-10,1.114,1.12,1.129,1.15,1.161,1.09,10,41
1994-10-17,1.106,1.114,1.12,1.14,1.165,1.093,10,42
1994-10-24,1.107,1.106,1.114,1.129,1.161,1.092,10,43
1994-10-31,1.121,1.107,1.106,1.12,1.156,1.084,10,44
1994-11-07,1.123,1.121,1.107,1.114,1.15,1.075,11,45
1994-11-14,1.122,1.123,1.121,1.106,1.14,1.064,11,46
1994-11-21,1.113,1.122,1.123,1.107,1.129,1.058,11,47
1994-11-28,1.117,1.113,1.122,1.121,1.12,1.051,11,48
1994-12-05,1.127,1.117,1.113,1.123,1.114,1.036,12,49
1994-12-12,1.131,1.127,1.117,1.122,1.106,1.018,12,50
1994-12-19,1.134,1.131,1.127,1.113,1.107,1.003,12,51
1994-12-26,1.125,1.134,1.131,1.117,1.121,0.999,12,52
1995-01-02,1.127,1.125,1.134,1.127,1.123,0.992,1,1
1995-01-09,1.134,1.127,1.125,1.131,1.122,0.995,1,2
1995-01-16,1.126,1.134,1.127,1.134,1.113,1.001,1,3
1995-01-23,1.132,1.126,1.134,1.125,1.117,0.999,1,4
1995-01-30,1.131,1.132,1.126,1.127,1.127,1.005,1,5
1995-02-06,1.124,1.131,1.132,1.134,1.131,1.007,2,6
1995-02-13,1.121,1.124,1.131,1.126,1.134,1.016,2,7
1995-02-20,1.115,1.121,1.124,1.132,1.125,1.009,2,8
1995-02-27,1.121,1.115,1.121,1.131,1.127,1.004,2,9
1995-03-06,1.123,1.121,1.115,1.124,1.134,1.007,3,10
1995-03-13,1.116,1.123,1.121,1.121,1.126,1.005,3,11
1995-03-20,1.114,1.116,1.123,1.115,1.132,1.007,3,12
1995-03-27,1.121,1.114,1.116,1.121,1.131,1.012,3,13
1995-04-03,1.133,1.121,1.114,1.123,1.124,1.011,4,14
1995-04-10,1.149,1.133,1.121,1.116,1.121,1.028,4,15
1995-04-17,1.163,1.149,1.133,1.114,1.115,1.033,4,16
1995-04-24,1.184,1.163,1.149,1.121,1.121,1.037,4,17
1995-05-01,1.194,1.184,1.163,1.133,1.123,1.04,5,18
1995-05-08,1.216,1.194,1.184,1.149,1.116,1.045,5,19
1995-05-15,1.226,1.216,1.194,1.163,1.114,1.046,5,20
1995-05-22,1.244,1.226,1.216,1.184,1.121,1.05,5,21
1995-05-29,1.246,1.244,1.226,1.194,1.133,1.056,5,22
1995-06-05,1.246,1.246,1.244,1.216,1.149,1.065,6,23
1995-06-12,1.243,1.246,1.246,1.226,1.163,1.073,6,24
1995-06-19,1.236,1.243,1.246,1.244,1.184,1.079,6,25
1995-06-26,1.229,1.236,1.243,1.246,1.194,1.095,6,26
1995-07-03,1.222,1.229,1.236,1.246,1.216,1.097,7,27
1995-07-10,1.212,1.222,1.229,1.243,1.226,1.103,7,28
1995-07-17,1.2,1.212,1.222,1.236,1.244,1.109,7,29
1995-07-24,1.191,1.2,1.212,1.229,1.246,1.114,7,30
1995-07-31,1.179,1.191,1.2,1.222,1.246,1.13,7,31
1995-08-07,1.174,1.179,1.191,1.212,1.243,1.157,8,32
1995-08-14,1.172,1.174,1.179,1.2,1.236,1.161,8,33
1995-08-21,1.171,1.172,1.174,1.191,1.229,1.165,8,34
1995-08-28,1.163,1.171,1.172,1.179,1.222,1.161,8,35
1995-09-04,1.16,1.163,1.171,1.174,1.212,1.156,9,36
1995-09-11,1.158,1.16,1.163,1.172,1.2,1.15,9,37
1995-09-18,1.157,1.158,1.16,1.171,1.191,1.14,9,38
1995-09-25,1.156,1.157,1.158,1.163,1.179,1.129,9,39
1995-10-02,1.151,1.156,1.157,1.16,1.174,1.12,10,40
1995-10-09,1.144,1.151,1.156,1.158,1.172,1.114,10,41
1995-10-16,1.133,1.144,1.151,1.157,1.171,1.106,10,42
1995-10-23,1.125,1.133,1.144,1.156,1.163,1.107,10,43
1995-10-30,1.115,1.125,1.133,1.151,1.16,1.121,10,44
1995-11-06,1.112,1.115,1.125,1.144,1.158,1.123,11,45
1995-11-13,1.109,1.112,1.115,1.133,1.157,1.122,11,46
1995-11-20,1.106,1.109,1.112,1.125,1.156,1.113,11,47
1995-11-27,1.107,1.106,1.109,1.115,1.151,1.117,11,48
1995-12-04,1.108,1.107,1.106,1.112,1.144,1.127,12,49
1995-12-11,1.11,1.108,1.107,1.109,1.133,1.131,12,50
1995-12-18,1.124,1.11,1.108,1.106,1.125,1.134,12,51
1995-12-25,1.128,1.124,1.11,1.107,1.115,1.125,12,52
1996-01-01,1.129,1.128,1.124,1.108,1.112,1.127,1,1
1996-01-08,1.139,1.129,1.128,1.11,1.109,1.134,1,2
1996-01-15,1.145,1.139,1.129,1.124,1.106,1.126,1,3
1996-01-22,1.138,1.145,1.139,1.128,1.107,1.132,1,4
1996-01-29,1.133,1.138,1.145,1.129,1.108,1.131,1,5
1996-02-05,1.13,1.133,1.138,1.139,1.11,1.124,2,6
1996-02-12,1.126,1.13,1.133,1.145,1.124,1.121,2,7
1996-02-19,1.133,1.126,1.13,1.138,1.128,1.115,2,8
1996-02-26,1.153,1.133,1.126,1.133,1.129,1.121,2,9
1996-03-04,1.17,1.153,1.133,1.13,1.139,1.123,3,10
1996-03-11,1.171,1.17,1.153,1.126,1.145,1.116,3,11
1996-03-18,1.181,1.171,1.17,1.133,1.138,1.114,3,12
1996-03-25,1.21,1.181,1.171,1.153,1.133,1.121,3,13
1996-04-01,1.223,1.21,1.181,1.17,1.13,1.133,4,14
1996-04-08,1.248,1.223,1.21,1.171,1.126,1.149,4,15
1996-04-15,1.287,1.248,1.223,1.181,1.133,1.163,4,16
1996-04-22,1.301,1.287,1.248,1.21,1.153,1.184,4,17
1996-04-29,1.318,1.301,1.287,1.223,1.17,1.194,4,18
1996-05-06,1.321,1.318,1.301,1.248,1.171,1.216,5,19
1996-05-13,1.323,1.321,1.318,1.287,1.181,1.226,5,20
1996-05-20,1.33,1.323,1.321,1.301,1.21,1.244,5,21
1996-05-27,1.321,1.33,1.323,1.318,1.223,1.246,5,22
1996-06-03,1.315,1.321,1.33,1.321,1.248,1.246,6,23
1996-06-10,1.307,1.315,1.321,1.323,1.287,1.243,6,24
1996-06-17,1.302,1.307,1.315,1.33,1.301,1.236,6,25
1996-06-24,1.289,1.302,1.307,1.321,1.318,1.229,6,26
1996-07-01,1.279,1.289,1.302,1.315,1.321,1.222,7,27
1996-07-08,1.276,1.279,1.289,1.307,1.323,1.212,7,28
1996-07-15,1.273,1.276,1.279,1.302,1.33,1.2,7,29
1996-07-22,1.272,1.273,1.276,1.289,1.321,1.191,7,30
1996-07-29,1.263,1.272,1.273,1.279,1.315,1.179,7,31
1996-08-05,1.253,1.263,1.272,1.276,1.307,1.174,8,32
1996-08-12,1.248,1.253,1.263,1.273,1.302,1.172,8,33
1996-08-19,1.249,1.248,1.253,1.272,1.289,1.171,8,34
1996-08-26,1.253,1.249,1.248,1.263,1.279,1.163,8,35
1996-09-02,1.242,1.253,1.249,1.253,1.276,1.16,9,36
1996-09-09,1.247,1.242,1.253,1.248,1.273,1.158,9,37
1996-09-16,1.25,1.247,1.242,1.249,1.272,1.157,9,38
1996-09-23,1.251,1.25,1.247,1.253,1.263,1.156,9,39
1996-09-30,1.245,1.251,1.25,1.242,1.253,1.151,9,40
1996-10-07,1.239,1.245,1.251,1.247,1.248,1.144,10,41
1996-10-14,1.248,1.239,1.245,1.25,1.249,1.133,10,42
1996-10-21,1.249,1.248,1.239,1.251,1.253,1.125,10,43
1996-10-28,1.26,1.249,1.248,1.245,1.242,1.115,10,44
1996-11-04,1.268,1.26,1.249,1.239,1.247,1.112,11,45
1996-11-11,1.272,1.268,1.26,1.248,1.25,1.109,11,46
1996-11-18,1.282,1.272,1.268,1.249,1.251,1.106,11,47
1996-11-25,1.289,1.282,1.272,1.26,1.245,1.107,11,48
1996-12-02,1.287,1.289,1.282,1.268,1.239,1.108,12,49
1996-12-09,1.287,1.287,1.289,1.272,1.248,1.11,12,50
1996-12-16,1.283,1.287,1.287,1.282,1.249,1.124,12,51
1996-12-23,1.278,1.283,1.287,1.289,1.26,1.128,12,52
1996-12-30,1.274,1.278,1.283,1.287,1.268,1.129,12,1
1997-01-06,1.272,1.274,1.278,1.287,1.272,1.139,1,2
1997-01-13,1.287,1.272,1.274,1.283,1.282,1.145,1,3
1997-01-20,1.287,1.287,1.272,1.278,1.289,1.138,1,4
1997-01-27,1.284,1.287,1.287,1.274,1.287,1.133,1,5
1997-02-03,1.282,1.284,1.287,1.272,1.287,1.13,2,6
1997-02-10,1.28,1.282,1.284,1.287,1.283,1.126,2,7
1997-02-17,1.273,1.28,1.282,1.287,1.278,1.133,2,8
1997-02-24,1.27,1.273,1.28,1.284,1.274,1.153,2,9
1997-03-03,1.261,1.27,1.273,1.282,1.272,1.17,3,10
1997-03-10,1.253,1.261,1.27,1.28,1.287,1.171,3,11
1997-03-17,1.246,1.253,1.261,1.273,1.287,1.181,3,12
1997-03-24,1.25,1.246,1.253,1.27,1.284,1.21,3,13
1997-03-31,1.246,1.25,1.246,1.261,1.282,1.223,3,14
1997-04-07,1.248,1.246,1.25,1.253,1.28,1.248,4,15
1997-04-14,1.244,1.248,1.246,1.246,1.273,1.287,4,16
1997-04-21,1.245,1.244,1.248,1.25,1.27,1.301,4,17
1997-04-28,1.24,1.245,1.244,1.246,1.261,1.318,4,18
1997-05-05,1.238,1.24,1.245,1.248,1.253,1.321,5,19
1997-05-12,1.238,1.238,1.24,1.244,1.246,1.323,5,20
1997-05-19,1.247,1.238,1.238,1.245,1.25,1.33,5,21
1997-05-26,1.255,1.247,1.238,1.24,1.246,1.321,5,22
1997-06-02,1.258,1.255,1.247,1.238,1.248,1.315,6,23
1997-06-09,1.251,1.258,1.255,1.238,1.244,1.307,6,24
1997-06-16,1.242,1.251,1.258,1.247,1.245,1.302,6,25
1997-06-23,1.232,1.242,1.251,1.255,1.24,1.289,6,26
1997-06-30,1.226,1.232,1.242,1.258,1.238,1.279,6,27
1997-07-07,1.222,1.226,1.232,1.251,1.238,1.276,7,28
1997-07-14,1.219,1.222,1.226,1.242,1.247,1.273,7,29
1997-07-21,1.222,1.219,1.222,1.232,1.255,1.272,7,30
1997-07-28,1.216,1.222,1.219,1.226,1.258,1.263,7,31
1997-08-04,1.237,1.216,1.222,1.222,1.251,1.253,8,32
1997-08-11,1.272,1.237,1.216,1.219,1.242,1.248,8,33
1997-08-18,1.274,1.272,1.237,1.222,1.232,1.249,8,34
1997-08-25,1.288,1.274,1.272,1.216,1.226,1.253,8,35
1997-09-01,1.287,1.288,1.274,1.237,1.222,1.242,9,36
1997-09-08,1.288,1.287,1.288,1.272,1.219,1.247,9,37
1997-09-15,1.281,1.288,1.287,1.274,1.222,1.25,9,38
1997-09-22,1.269,1.281,1.288,1.288,1.216,1.251,9,39
1997-09-29,1.255,1.269,1.281,1.287,1.237,1.245,9,40
1997-10-06,1.254,1.255,1.269,1.288,1.272,1.239,10,41
1997-10-13,1.248,1.254,1.255,1.281,1.274,1.248,10,42
1997-10-20,1.238,1.248,1.254,1.269,1.288,1.249,10,43
1997-10-27,1.228,1.238,1.248,1.255,1.287,1.26,10,44
1997-11-03,1.221,1.228,1.238,1.254,1.288,1.268,11,45
1997-11-10,1.222,1.221,1.228,1.248,1.281,1.272,11,46
1997-11-17,1.213,1.222,1.221,1.238,1.269,1.282,11,47
1997-11-24,1.207,1.213,1.222,1.228,1.255,1.289,11,48
1997-12-01,1.197,1.207,1.213,1.221,1.254,1.287,12,49
1997-12-08,1.187,1.197,1.207,1.222,1.248,1.287,12,50
1997-12-15,1.176,1.187,1.197,1.213,1.238,1.283,12,51
1997-12-22,1.167,1.176,1.187,1.207,1.228,1.278,12,52
1997-12-29,1.158,1.167,1.176,1.197,1.221,1.274,12,1
1998-01-05,1.148,1.158,1.167,1.187,1.222,1.272,1,2
1998-01-12,1.14,1.148,1.158,1.176,1.213,1.287,1,3
1998-01-19,1.129,1.14,1.148,1.167,1.207,1.287,1,4
1998-01-26,1.112,1.129,1.14,1.158,1.197,1.284,1,5
1998-02-02,1.108,1.112,1.129,1.148,1.187,1.282,2,6
1998-02-09,1.101,1.108,1.112,1.14,1.176,1.28,2,7
1998-02-16,1.085,1.101,1.108,1.129,1.167,1.273,2,8
1998-02-23,1.09,1.085,1.101,1.112,1.158,1.27,2,9
1998-03-02,1.075,1.09,1.085,1.108,1.148,1.261,3,10
1998-03-09,1.065,1.075,1.09,1.101,1.14,1.253,3,11
1998-03-16,1.055,1.065,1.075,1.085,1.129,1.246,3,12
1998-03-23,1.047,1.055,1.065,1.09,1.112,1.25,3,13
1998-03-30,1.077,1.047,1.055,1.075,1.108,1.246,3,14
1998-04-06,1.074,1.077,1.047,1.065,1.101,1.248,4,15
1998-04-13,1.072,1.074,1.077,1.055,1.085,1.244,4,16
1998-04-20,1.075,1.072,1.074,1.047,1.09,1.245,4,17
1998-04-27,1.086,1.075,1.072,1.077,1.075,1.24,4,18
1998-05-04,1.095,1.086,1.075,1.074,1.065,1.238,5,19
1998-05-11,1.109,1.095,1.086,1.072,1.055,1.238,5,20
1998-05-18,1.109,1.109,1.095,1.075,1.047,1.247,5,21
1998-05-25,1.108,1.109,1.109,1.086,1.077,1.255,5,22
1998-06-01,1.104,1.108,1.109,1.095,1.074,1.258,6,23
1998-06-08,1.113,1.104,1.108,1.109,1.072,1.251,6,24
1998-06-15,1.104,1.113,1.104,1.109,1.075,1.242,6,25
1998-06-22,1.096,1.104,1.113,1.108,1.086,1.232,6,26
1998-06-29,1.096,1.096,1.104,1.104,1.095,1.226,6,27
1998-07-06,1.097,1.096,1.096,1.113,1.109,1.222,7,28
1998-07-13,1.092,1.097,1.096,1.104,1.109,1.219,7,29
1998-07-20,1.097,1.092,1.097,1.096,1.108,1.222,7,30
1998-07-27,1.088,1.097,1.092,1.096,1.104,1.216,7,31
1998-08-03,1.077,1.088,1.097,1.097,1.113,1.237,8,32
1998-08-10,1.072,1.077,1.088,1.092,1.104,1.272,8,33
1998-08-17,1.065,1.072,1.077,1.097,1.096,1.274,8,34
1998-08-24,1.058,1.065,1.072,1.088,1.096,1.288,8,35
1998-08-31,1.053,1.058,1.065,1.077,1.097,1.287,8,36
1998-09-07,1.046,1.053,1.058,1.072,1.092,1.288,9,37
1998-09-14,1.042,1.046,1.053,1.065,1.097,1.281,9,38
1998-09-21,1.053,1.042,1.046,1.058,1.088,1.269,9,39
1998-09-28,1.053,1.053,1.042,1.053,1.077,1.255,9,40
1998-10-05,1.059,1.053,1.053,1.046,1.072,1.254,10,41
1998-10-12,1.063,1.059,1.053,1.042,1.065,1.248,10,42
1998-10-19,1.058,1.063,1.059,1.053,1.058,1.238,10,43
1998-10-26,1.055,1.058,1.063,1.053,1.053,1.228,10,44
1998-11-02,1.05,1.055,1.058,1.059,1.046,1.221,11,45
1998-11-09,1.048,1.05,1.055,1.063,1.042,1.222,11,46
1998-11-16,1.037,1.048,1.05,1.058,1.053,1.213,11,47
1998-11-23,1.03,1.037,1.048,1.055,1.053,1.207,11,48
1998-11-30,1.015,1.03,1.037,1.05,1.059,1.197,11,49
1998-12-07,0.996,1.015,1.03,1.048,1.063,1.187,12,50
1998-12-14,0.987,0.996,1.015,1.037,1.058,1.176,12,51
1998-12-21,0.986,0.987,0.996,1.03,1.055,1.167,12,52
1998-12-28,0.979,0.986,0.987,1.015,1.05,1.158,12,53
1999-01-04,0.977,0.979,0.986,0.996,1.048,1.148,1,1
1999-01-11,0.982,0.977,0.979,0.987,1.037,1.14,1,2
1999-01-18,0.985,0.982,0.977,0.986,1.03,1.129,1,3
1999-01-25,0.977,0.985,0.982,0.979,1.015,1.112,1,4
1999-02-01,0.971,0.977,0.985,0.977,0.996,1.108,2,5
1999-02-08,0.968,0.971,0.977,0.982,0.987,1.101,2,6
1999-02-15,0.96,0.968,0.971,0.985,0.986,1.085,2,7
1999-02-22,0.949,0.96,0.968,0.977,0.979,1.09,2,8
1999-03-01,0.955,0.949,0.96,0.971,0.977,1.075,3,9
1999-03-08,0.963,0.955,0.949,0.968,0.982,1.065,3,10
1999-03-15,1.017,0.963,0.955,0.96,0.985,1.055,3,11
1999-03-22,1.056,1.017,0.963,0.949,0.977,1.047,3,12
1999-03-29,1.121,1.056,1.017,0.955,0.971,1.077,3,13
1999-04-05,1.158,1.121,1.056,0.963,0.968,1.074,4,14
1999-04-12,1.179,1.158,1.121,1.017,0.96,1.072,4,15
1999-04-19,1.175,1.179,1.158,1.056,0.949,1.075,4,16
1999-04-26,1.171,1.175,1.179,1.121,0.955,1.086,4,17
1999-05-03,1.176,1.171,1.175,1.158,0.963,1.095,5,18
1999-05-10,1.18,1.176,1.171,1.179,1.017,1.109,5,19
1999-05-17,1.18,1.18,1.176,1.175,1.056,1.109,5,20
1999-05-24,1.166,1.18,1.18,1.171,1.121,1.108,5,21
1999-05-31,1.151,1.166,1.18,1.176,1.158,1.104,5,22
1999-06-07,1.152,1.151,1.166,1.18,1.179,1.113,6,23
1999-06-14,1.148,1.152,1.151,1.18,1.175,1.104,6,24
1999-06-21,1.163,1.148,1.152,1.166,1.171,1.096,6,25
1999-06-28,1.153,1.163,1.148,1.151,1.176,1.096,6,26
1999-07-05,1.165,1.153,1.163,1.152,1.18,1.097,7,27
1999-07-12,1.182,1.165,1.153,1.148,1.18,1.092,7,28
1999-07-19,1.208,1.182,1.165,1.163,1.166,1.097,7,29
1999-07-26,1.232,1.208,1.182,1.153,1.151,1.088,7,30
1999-08-02,1.234,1.232,1.208,1.165,1.152,1.077,8,31
1999-08-09,1.246,1.234,1.232,1.182,1.148,1.072,8,32
1999-08-16,1.275,1.246,1.234,1.208,1.163,1.065,8,33
1999-08-23,1.273,1.275,1.246,1.232,1.153,1.058,8,34
1999-08-30,1.273,1.273,1.275,1.234,1.165,1.053,8,35
1999-09-06,1.282,1.273,1.273,1.246,1.182,1.046,9,36
1999-09-13,1.29,1.282,1.273,1.275,1.208,1.042,9,37
1999-09-20,1.307,1.29,1.282,1.273,1.232,1.053,9,38
1999-09-27,1.302,1.307,1.29,1.273,1.234,1.053,9,39
1999-10-04,1.296,1.302,1.307,1.282,1.246,1.059,10,40
1999-10-11,1.29,1.296,1.302,1.29,1.275,1.063,10,41
1999-10-18,1.277,1.29,1.296,1.307,1.273,1.058,10,42
1999-10-25,1.277,1.277,1.29,1.302,1.273,1.055,10,43
1999-11-01,1.271,1.277,1.277,1.296,1.282,1.05,11,44
1999-11-08,1.274,1.271,1.277,1.29,1.29,1.048,11,45
1999-11-15,1.292,1.274,1.271,1.277,1.307,1.037,11,46
1999-11-22,1.309,1.292,1.274,1.277,1.302,1.03,11,47
1999-11-29,1.315,1.309,1.292,1.271,1.296,1.015,11,48
1999-12-06,1.313,1.315,1.309,1.274,1.29,0.996,12,49
1999-12-13,1.315,1.313,1.315,1.292,1.277,0.987,12,50
1999-12-20,1.31,1.315,1.313,1.309,1.277,0.986,12,51
1999-12-27,1.314,1.31,1.315,1.315,1.271,0.979,12,52
2000-01-03,1.312,1.314,1.31,1.313,1.274,0.977,1,1
2000-01-10,1.304,1.312,1.314,1.315,1.292,0.982,1,2
2000-01-17,1.318,1.304,1.312,1.31,1.309,0.985,1,3
2000-01-24,1.354,1.318,1.304,1.314,1.315,0.977,1,4
2000-01-31,1.355,1.354,1.318,1.312,1.313,0.971,1,5
2000-02-07,1.364,1.355,1.354,1.304,1.315,0.968,2,6
2000-02-14,1.394,1.364,1.355,1.318,1.31,0.96,2,7
2000-02-21,1.443,1.394,1.364,1.354,1.314,0.949,2,8
2000-02-28,1.458,1.443,1.394,1.355,1.312,0.955,2,9
2000-03-06,1.539,1.458,1.443,1.364,1.304,0.963,3,10
2000-03-13,1.566,1.539,1.458,1.394,1.318,1.017,3,11
2000-03-20,1.569,1.566,1.539,1.443,1.354,1.056,3,12
2000-03-27,1.549,1.569,1.566,1.458,1.355,1.121,3,13
2000-04-03,1.543,1.549,1.569,1.539,1.364,1.158,4,14
2000-04-10,1.516,1.543,1.549,1.566,1.394,1.179,4,15
2000-04-17,1.486,1.516,1.543,1.569,1.443,1.175,4,16
2000-04-24,1.478,1.486,1.516,1.549,1.458,1.171,4,17
2000-05-01,1.461,1.478,1.486,1.543,1.539,1.176,5,18
2000-05-08,1.495,1.461,1.478,1.516,1.566,1.18,5,19
2000-05-15,1.531,1.495,1.461,1.486,1.569,1.18,5,20
2000-05-22,1.566,1.531,1.495,1.478,1.549,1.166,5,21
2000-05-29,1.579,1.566,1.531,1.461,1.543,1.151,5,22
2000-06-05,1.599,1.579,1.566,1.495,1.516,1.152,6,23
2000-06-12,1.664,1.599,1.579,1.531,1.486,1.148,6,24
2000-06-19,1.711,1.664,1.599,1.566,1.478,1.163,6,25
2000-06-26,1.691,1.711,1.664,1.579,1.461,1.153,6,26
2000-07-03,1.661,1.691,1.711,1.599,1.495,1.165,7,27
2000-07-10,1.63,1.661,1.691,1.664,1.531,1.182,7,28
2000-07-17,1.586,1.63,1.661,1.711,1.566,1.208,7,29
2000-07-24,1.562,1.586,1.63,1.691,1.579,1.232,7,30
2000-07-31,1.514,1.562,1.586,1.661,1.599,1.234,7,31
2000-08-07,1.504,1.514,1.562,1.63,1.664,1.246,8,32
2000-08-14,1.489,1.504,1.514,1.586,1.711,1.275,8,33
2000-08-21,1.508,1.489,1.504,1.562,1.691,1.273,8,34
2000-08-28,1.521,1.508,1.489,1.514,1.661,1.273,8,35
2000-09-04,1.568,1.521,1.508,1.504,1.63,1.282,9,36
2000-09-11,1.598,1.568,1.521,1.489,1.586,1.29,9,37
2000-09-18,1.599,1.598,1.568,1.508,1.562,1.307,9,38
2000-09-25,1.586,1.599,1.598,1.521,1.514,1.302,9,39
2000-10-02,1.563,1.586,1.599,1.568,1.504,1.296,10,40
2000-10-09,1.541,1.563,1.586,1.598,1.489,1.29,10,41
2000-10-16,1.578,1.541,1.563,1.599,1.508,1.277,10,42
2000-10-23,1.588,1.578,1.541,1.586,1.521,1.277,10,43
2000-10-30,1.584,1.588,1.578,1.563,1.568,1.271,10,44
2000-11-06,1.565,1.584,1.588,1.541,1.598,1.274,11,45
2000-11-13,1.562,1.565,1.584,1.578,1.599,1.292,11,46
2000-11-20,1.55,1.562,1.565,1.588,1.586,1.309,11,47
2000-11-27,1.549,1.55,1.562,1.584,1.563,1.315,11,48
2000-12-04,1.526,1.549,1.55,1.565,1.541,1.313,12,49
2000-12-11,1.49,1.526,1.549,1.562,1.578,1.315,12,50
2000-12-18,1.462,1.49,1.526,1.55,1.588,1.31,12,51
2000-12-25,1.453,1.462,1.49,1.549,1.584,1.314,12,52
2001-01-01,1.446,1.453,1.462,1.526,1.565,1.312,1,1
2001-01-08,1.465,1.446,1.453,1.49,1.562,1.304,1,2
2001-01-15,1.513,1.465,1.446,1.462,1.55,1.318,1,3
2001-01-22,1.511,1.513,1.465,1.453,1.549,1.354,1,4
2001-01-29,1.5,1.511,1.513,1.446,1.526,1.355,1,5
2001-02-05,1.483,1.5,1.511,1.465,1.49,1.364,2,6
2001-02-12,1.515,1.483,1.5,1.513,1.462,1.394,2,7
2001-02-19,1.489,1.515,1.483,1.511,1.453,1.443,2,8
2001-02-26,1.471,1.489,1.515,1.5,1.446,1.458,2,9
2001-03-05,1.457,1.471,1.489,1.483,1.465,1.539,3,10
2001-03-12,1.453,1.457,1.471,1.515,1.513,1.566,3,11
2001-03-19,1.444,1.453,1.457,1.489,1.511,1.569,3,12
2001-03-26,1.445,1.444,1.453,1.471,1.5,1.549,3,13
2001-04-02,1.482,1.445,1.444,1.457,1.483,1.543,4,14
2001-04-09,1.54,1.482,1.445,1.453,1.515,1.516,4,15
2001-04-16,1.61,1.54,1.482,1.444,1.489,1.486,4,16
2001-04-23,1.658,1.61,1.54,1.445,1.471,1.478,4,17
2001-04-30,1.665,1.658,1.61,1.482,1.457,1.461,4,18
2001-05-07,1.739,1.665,1.658,1.54,1.453,1.495,5,19
2001-05-14,1.748,1.739,1.665,1.61,1.444,1.531,5,20
2001-05-21,1.724,1.748,1.739,1.658,1.445,1.566,5,21
2001-05-28,1.739,1.724,1.748,1.665,1.482,1.579,5,22
2001-06-04,1.715,1.739,1.724,1.739,1.54,1.599,6,23
2001-06-11,1.688,1.715,1.739,1.748,1.61,1.664,6,24
2001-06-18,1.644,1.688,1.715,1.724,1.658,1.711,6,25
2001-06-25,1.583,1.644,1.688,1.739,1.665,1.691,6,26
2001-07-02,1.52,1.583,1.644,1.715,1.739,1.661,7,27
2001-07-09,1.484,1.52,1.583,1.688,1.748,1.63,7,28
2001-07-16,1.459,1.484,1.52,1.644,1.724,1.586,7,29
2001-07-23,1.44,1.459,1.484,1.583,1.739,1.562,7,30
2001-07-30,1.428,1.44,1.459,1.52,1.715,1.514,7,31
2001-08-06,1.419,1.428,1.44,1.484,1.688,1.504,8,32
2001-08-13,1.434,1.419,1.428,1.459,1.644,1.489,8,33
2001-08-20,1.467,1.434,1.419,1.44,1.583,1.508,8,34
2001-08-27,1.523,1.467,1.434,1.428,1.52,1.521,8,35
2001-09-03,1.579,1.523,1.467,1.419,1.484,1.568,9,36
2001-09-10,1.562,1.579,1.523,1.434,1.459,1.598,9,37
2001-09-17,1.564,1.562,1.579,1.467,1.44,1.599,9,38
2001-09-24,1.522,1.564,1.562,1.523,1.428,1.586,9,39
2001-10-01,1.455,1.522,1.564,1.579,1.419,1.563,10,40
2001-10-08,1.393,1.455,1.522,1.562,1.434,1.541,10,41
2001-10-15,1.351,1.393,1.455,1.564,1.467,1.578,10,42
2001-10-22,1.307,1.351,1.393,1.522,1.523,1.588,10,43
2001-10-29,1.277,1.307,1.351,1.455,1.579,1.584,10,44
2001-11-05,1.249,1.277,1.307,1.393,1.562,1.565,11,45
2001-11-12,1.224,1.249,1.277,1.351,1.564,1.562,11,46
2001-11-19,1.208,1.224,1.249,1.307,1.522,1.55,11,47
2001-11-26,1.168,1.208,1.224,1.277,1.455,1.549,11,48
2001-12-03,1.149,1.168,1.208,1.249,1.393,1.526,12,49
2001-12-10,1.136,1.149,1.168,1.224,1.351,1.49,12,50
2001-12-17,1.101,1.136,1.149,1.208,1.307,1.462,12,51
2001-12-24,1.113,1.101,1.136,1.168,1.277,1.453,12,52
2001-12-31,1.137,1.113,1.101,1.149,1.249,1.446,12,1
2002-01-07,1.152,1.137,1.113,1.136,1.224,1.465,1,2
2002-01-14,1.152,1.152,1.137,1.101,1.208,1.513,1,3
2002-01-21,1.146,1.152,1.152,1.113,1.168,1.511,1,4
2002-01-28,1.142,1.146,1.152,1.137,1.149,1.5,1,5
2002-02-04,1.157,1.142,1.146,1.152,1.136,1.483,2,6
2002-02-11,1.148,1.157,1.142,1.152,1.101,1.515,2,7
2002-02-18,1.157,1.148,1.157,1.146,1.113,1.489,2,8
2002-02-25,1.157,1.157,1.148,1.142,1.137,1.471,2,9
2002-03-04,1.185,1.157,1.157,1.157,1.152,1.457,3,10
2002-03-11,1.262,1.185,1.157,1.148,1.152,1.453,3,11
2002-03-18,1.328,1.262,1.185,1.157,1.146,1.444,3,12
2002-03-25,1.382,1.328,1.262,1.157,1.142,1.445,3,13
2002-04-01,1.412,1.382,1.328,1.185,1.157,1.482,4,14
2002-04-08,1.454,1.412,1.382,1.262,1.148,1.54,4,15
2002-04-15,1.446,1.454,1.412,1.328,1.157,1.61,4,16
2002-04-22,1.446,1.446,1.454,1.382,1.157,1.658,4,17
2002-04-29,1.435,1.446,1.446,1.412,1.185,1.665,4,18
2002-05-06,1.437,1.435,1.446,1.454,1.262,1.739,5,19
2002-05-13,1.431,1.437,1.435,1.446,1.328,1.748,5,20
2002-05-20,1.439,1.431,1.437,1.446,1.382,1.724,5,21
2002-05-27,1.429,1.439,1.431,1.435,1.412,1.739,5,22
2002-06-03,1.433,1.429,1.439,1.437,1.454,1.715,6,23
2002-06-10,1.417,1.433,1.429,1.431,1.446,1.688,6,24
2002-06-17,1.419,1.417,1.433,1.439,1.446,1.644,6,25
2002-06-24,1.425,1.419,1.417,1.429,1.435,1.583,6,26
2002-07-01,1.433,1.425,1.419,1.433,1.437,1.52,7,27
2002-07-08,1.423,1.433,1.425,1.417,1.431,1.484,7,28
2002-07-15,1.435,1.423,1.433,1.419,1.439,1.459,7,29
2002-07-22,1.451,1.435,1.423,1.425,1.429,1.44,7,30
2002-07-29,1.447,1.451,1.435,1.433,1.433,1.428,7,31
2002-08-05,1.437,1.447,1.451,1.423,1.417,1.419,8,32
2002-08-12,1.435,1.437,1.447,1.435,1.419,1.434,8,33
2002-08-19,1.434,1.435,1.437,1.451,1.425,1.467,8,34
2002-08-26,1.444,1.434,1.435,1.447,1.433,1.523,8,35
2002-09-02,1.436,1.444,1.434,1.437,1.423,1.579,9,36
2002-09-09,1.437,1.436,1.444,1.435,1.435,1.562,9,37
2002-09-16,1.442,1.437,1.436,1.434,1.451,1.564,9,38
2002-09-23,1.436,1.442,1.437,1.444,1.447,1.522,9,39
2002-09-30,1.455,1.436,1.442,1.436,1.437,1.455,9,40
2002-10-07,1.48,1.455,1.436,1.437,1.435,1.393,10,41
2002-10-14,1.481,1.48,1.455,1.442,1.434,1.351,10,42
2002-10-21,1.499,1.481,1.48,1.436,1.444,1.307,10,43
2002-10-28,1.485,1.499,1.481,1.455,1.436,1.277,10,44
2002-11-04,1.489,1.485,1.499,1.48,1.437,1.249,11,45
2002-11-11,1.48,1.489,1.485,1.481,1.442,1.224,11,46
2002-11-18,1.451,1.48,1.489,1.499,1.436,1.208,11,47
2002-11-25,1.423,1.451,1.48,1.485,1.455,1.168,11,48
2002-12-02,1.408,1.423,1.451,1.489,1.48,1.149,12,49
2002-12-09,1.404,1.408,1.423,1.48,1.481,1.136,12,50
2002-12-16,1.407,1.404,1.408,1.451,1.499,1.101,12,51
2002-12-23,1.443,1.407,1.404,1.423,1.485,1.113,12,52
2002-12-30,1.484,1.443,1.407,1.408,1.489,1.137,12,1
2003-01-06,1.487,1.484,1.443,1.404,1.48,1.152,1,2
2003-01-13,1.496,1.487,1.484,1.407,1.451,1.152,1,3
2003-01-20,1.502,1.496,1.487,1.443,1.423,1.146,1,4
2003-01-27,1.515,1.502,1.496,1.484,1.408,1.142,1,5
2003-02-03,1.569,1.515,1.502,1.487,1.404,1.157,2,6
2003-02-10,1.649,1.569,1.515,1.496,1.407,1.148,2,7
2003-02-17,1.701,1.649,1.569,1.502,1.443,1.157,2,8
2003-02-24,1.699,1.701,1.649,1.515,1.484,1.157,2,9
2003-03-03,1.726,1.699,1.701,1.569,1.487,1.185,3,10
2003-03-10,1.752,1.726,1.699,1.649,1.496,1.262,3,11
2003-03-17,1.768,1.752,1.726,1.701,1.502,1.328,3,12
2003-03-24,1.732,1.768,1.752,1.699,1.515,1.382,3,13
2003-03-31,1.692,1.732,1.768,1.726,1.569,1.412,3,14
2003-04-07,1.673,1.692,1.732,1.752,1.649,1.454,4,15
2003-04-14,1.639,1.673,1.692,1.768,1.701,1.446,4,16
2003-04-21,1.618,1.639,1.673,1.732,1.699,1.446,4,17
2003-04-28,1.6,1.618,1.639,1.692,1.726,1.435,4,18
2003-05-05,1.556,1.6,1.618,1.673,1.752,1.437,5,19
2003-05-12,1.534,1.556,1.6,1.639,1.768,1.431,5,20
2003-05-19,1.539,1.534,1.556,1.618,1.732,1.439,5,21
2003-05-26,1.528,1.539,1.534,1.6,1.692,1.429,5,22
2003-06-02,1.514,1.528,1.539,1.556,1.673,1.433,6,23
2003-06-09,1.53,1.514,1.528,1.534,1.639,1.417,6,24
2003-06-16,1.558,1.53,1.514,1.539,1.618,1.419,6,25
2003-06-23,1.537,1.558,1.53,1.528,1.6,1.425,6,26
2003-06-30,1.528,1.537,1.558,1.514,1.556,1.433,6,27
2003-07-07,1.53,1.528,1.537,1.53,1.534,1.423,7,28
2003-07-14,1.563,1.53,1.528,1.558,1.539,1.435,7,29
2003-07-21,1.566,1.563,1.53,1.537,1.528,1.451,7,30
2003-07-28,1.558,1.566,1.563,1.528,1.514,1.447,7,31
2003-08-04,1.576,1.558,1.566,1.53,1.53,1.437,8,32
2003-08-11,1.611,1.576,1.558,1.563,1.558,1.435,8,33
2003-08-18,1.668,1.611,1.576,1.566,1.537,1.434,8,34
2003-08-25,1.787,1.668,1.611,1.558,1.528,1.444,8,35
2003-09-01,1.786,1.787,1.668,1.576,1.53,1.436,9,36
2003-09-08,1.758,1.786,1.787,1.611,1.563,1.437,9,37
2003-09-15,1.739,1.758,1.786,1.668,1.566,1.442,9,38
2003-09-22,1.686,1.739,1.758,1.787,1.558,1.436,9,39
2003-09-29,1.635,1.686,1.739,1.786,1.576,1.455,9,40
2003-10-06,1.617,1.635,1.686,1.758,1.611,1.48,10,41
2003-10-13,1.611,1.617,1.635,1.739,1.668,1.481,10,42
2003-10-20,1.612,1.611,1.617,1.686,1.787,1.499,10,43
2003-10-27,1.584,1.612,1.611,1.635,1.786,1.485,10,44
2003-11-03,1.577,1.584,1.612,1.617,1.758,1.489,11,45
2003-11-10,1.547,1.577,1.584,1.611,1.739,1.48,11,46
2003-11-17,1.54,1.547,1.577,1.612,1.686,1.451,11,47
2003-11-24,1.554,1.54,1.547,1.584,1.635,1.423,11,48
2003-12-01,1.533,1.554,1.54,1.577,1.617,1.408,12,49
2003-12-08,1.519,1.533,1.554,1.547,1.611,1.404,12,50
2003-12-15,1.509,1.519,1.533,1.54,1.612,1.407,12,51
2003-12-22,1.528,1.509,1.519,1.554,1.584,1.443,12,52
2003-12-29,1.521,1.528,1.509,1.533,1.577,1.484,12,1
2004-01-05,1.552,1.521,1.528,1.519,1.547,1.487,1,2
2004-01-12,1.603,1.552,1.521,1.509,1.54,1.496,1,3
2004-01-19,1.637,1.603,1.552,1.528,1.554,1.502,1,4
2004-01-26,1.664,1.637,1.603,1.521,1.533,1.515,1,5
2004-02-02,1.66,1.664,1.637,1.552,1.519,1.569,2,6
2004-02-09,1.681,1.66,1.664,1.603,1.509,1.649,2,7
2004-02-16,1.69,1.681,1.66,1.637,1.528,1.701,2,8
2004-02-23,1.73,1.69,1.681,1.664,1.521,1.699,2,9
2004-03-01,1.758,1.73,1.69,1.66,1.552,1.726,3,10
2004-03-08,1.78,1.758,1.73,1.681,1.603,1.752,3,11
2004-03-15,1.767,1.78,1.758,1.69,1.637,1.768,3,12
2004-03-22,1.785,1.767,1.78,1.73,1.664,1.732,3,13
2004-03-29,1.8,1.785,1.767,1.758,1.66,1.692,3,14
2004-04-05,1.822,1.8,1.785,1.78,1.681,1.673,4,15
2004-04-12,1.827,1.822,1.8,1.767,1.69,1.639,4,16
2004-04-19,1.853,1.827,1.822,1.785,1.73,1.618,4,17
2004-04-26,1.853,1.853,1.827,1.8,1.758,1.6,4,18
2004-05-03,1.884,1.853,1.853,1.822,1.78,1.556,5,19
2004-05-10,1.979,1.884,1.853,1.827,1.767,1.534,5,20
2004-05-17,2.055,1.979,1.884,1.853,1.785,1.539,5,21
2004-05-24,2.104,2.055,1.979,1.853,1.8,1.528,5,22
2004-05-31,2.092,2.104,2.055,1.884,1.822,1.514,5,23
2004-06-07,2.075,2.092,2.104,1.979,1.827,1.53,6,24
2004-06-14,2.029,2.075,2.092,2.055,1.853,1.558,6,25
2004-06-21,1.981,2.029,2.075,2.104,1.853,1.537,6,26
2004-06-28,1.965,1.981,2.029,2.092,1.884,1.528,6,27
2004-07-05,1.939,1.965,1.981,2.075,1.979,1.53,7,28
2004-07-12,1.959,1.939,1.965,2.029,2.055,1.563,7,29
2004-07-19,1.971,1.959,1.939,1.981,2.104,1.566,7,30
2004-07-26,1.948,1.971,1.959,1.965,2.092,1.558,7,31
2004-08-02,1.93,1.948,1.971,1.939,2.075,1.576,8,32
2004-08-09,1.92,1.93,1.948,1.959,2.029,1.611,8,33
2004-08-16,1.917,1.92,1.93,1.971,1.981,1.668,8,34
2004-08-23,1.926,1.917,1.92,1.948,1.965,1.787,8,35
2004-08-30,1.909,1.926,1.917,1.93,1.939,1.786,8,36
2004-09-06,1.893,1.909,1.926,1.92,1.959,1.758,9,37
2004-09-13,1.889,1.893,1.909,1.917,1.971,1.739,9,38
2004-09-20,1.908,1.889,1.893,1.926,1.948,1.686,9,39
2004-09-27,1.959,1.908,1.889,1.909,1.93,1.635,9,40
2004-10-04,1.98,1.959,1.908,1.893,1.92,1.617,10,41
2004-10-11,2.035,1.98,1.959,1.889,1.917,1.611,10,42
2004-10-18,2.077,2.035,1.98,1.908,1.926,1.612,10,43
2004-10-25,2.074,2.077,2.035,1.959,1.909,1.584,10,44
2004-11-01,2.076,2.074,2.077,1.98,1.893,1.577,11,45
2004-11-08,2.045,2.076,2.074,2.035,1.889,1.547,11,46
2004-11-15,2.014,2.045,2.076,2.077,1.908,1.54,11,47
2004-11-22,1.992,2.014,2.045,2.074,1.959,1.554,11,48
2004-11-29,1.989,1.992,2.014,2.076,1.98,1.533,11,49
2004-12-06,1.956,1.989,1.992,2.045,2.035,1.519,12,50
2004-12-13,1.893,1.956,1.989,2.014,2.077,1.509,12,51
2004-12-20,1.861,1.893,1.956,1.992,2.074,1.528,12,52
2004-12-27,1.838,1.861,1.893,1.989,2.076,1.521,12,53
2005-01-03,1.824,1.838,1.861,1.956,2.045,1.552,1,1
2005-01-10,1.837,1.824,1.838,1.893,2.014,1.603,1,2
2005-01-17,1.863,1.837,1.824,1.861,1.992,1.637,1,3
2005-01-24,1.896,1.863,1.837,1.838,1.989,1.664,1,4
2005-01-31,1.953,1.896,1.863,1.824,1.956,1.66,1,5
2005-02-07,1.952,1.953,1.896,1.837,1.893,1.681,2,6
2005-02-14,1.941,1.952,1.953,1.863,1.861,1.69,2,7
2005-02-21,1.948,1.941,1.952,1.896,1.838,1.73,2,8
2005-02-28,1.969,1.948,1.941,1.953,1.824,1.758,2,9
2005-03-07,2.04,1.969,1.948,1.952,1.837,1.78,3,10
2005-03-14,2.098,2.04,1.969,1.941,1.863,1.767,3,11
2005-03-21,2.149,2.098,2.04,1.948,1.896,1.785,3,12
2005-03-28,2.194,2.149,2.098,1.969,1.953,1.8,3,13
2005-04-04,2.258,2.194,2.149,2.04,1.952,1.822,4,14
2005-04-11,2.321,2.258,2.194,2.098,1.941,1.827,4,15
2005-04-18,2.28,2.321,2.258,2.149,1.948,1.853,4,16
2005-04-25,2.279,2.28,2.321,2.194,1.969,1.853,4,17
2005-05-02,2.277,2.279,2.28,2.258,2.04,1.884,5,18
2005-05-09,2.231,2.277,2.279,2.321,2.098,1.979,5,19
2005-05-16,2.206,2.231,2.277,2.28,2.149,2.055,5,20
2005-05-23,2.169,2.206,2.231,2.279,2.194,2.104,5,21
2005-05-30,2.141,2.169,2.206,2.277,2.258,2.092,5,22
2005-06-06,2.159,2.141,2.169,2.231,2.321,2.075,6,23
2005-06-13,2.173,2.159,2.141,2.206,2.28,2.029,6,24
2005-06-20,2.204,2.173,2.159,2.169,2.279,1.981,6,25
2005-06-27,2.257,2.204,2.173,2.141,2.277,1.965,6,26
2005-07-04,2.268,2.257,2.204,2.159,2.231,1.939,7,27
2005-07-11,2.369,2.268,2.257,2.173,2.206,1.959,7,28
2005-07-18,2.36,2.369,2.268,2.204,2.169,1.971,7,29
2005-07-25,2.333,2.36,2.369,2.257,2.141,1.948,7,30
2005-08-01,2.335,2.333,2.36,2.268,2.159,1.93,8,31
2005-08-08,2.41,2.335,2.333,2.369,2.173,1.92,8,32
2005-08-15,2.592,2.41,2.335,2.36,2.204,1.917,8,33
2005-08-22,2.654,2.592,2.41,2.333,2.257,1.926,8,34
2005-08-29,2.653,2.654,2.592,2.335,2.268,1.909,8,35
2005-09-05,3.117,2.653,2.654,2.41,2.369,1.893,9,36
2005-09-12,3.002,3.117,2.653,2.592,2.36,1.889,9,37
2005-09-19,2.835,3.002,3.117,2.654,2.333,1.908,9,38
2005-09-26,2.851,2.835,3.002,2.653,2.335,1.959,9,39
2005-10-03,2.975,2.851,2.835,3.117,2.41,1.98,10,40
2005-10-10,2.896,2.975,2.851,3.002,2.592,2.035,10,41
2005-10-17,2.775,2.896,2.975,2.835,2.654,2.077,10,42
2005-10-24,2.652,2.775,2.896,2.851,2.653,2.074,10,43
2005-10-31,2.528,2.652,2.775,2.975,3.117,2.076,10,44
2005-11-07,2.424,2.528,2.652,2.896,3.002,2.045,11,45
2005-11-14,2.342,2.424,2.528,2.775,2.835,2.014,11,46
2005-11-21,2.247,2.342,2.424,2.652,2.851,1.992,11,47
2005-11-28,2.2,2.247,2.342,2.528,2.975,1.989,11,48
2005-12-05,2.191,2.2,2.247,2.424,2.896,1.956,12,49
2005-12-12,2.228,2.191,2.2,2.342,2.775,1.893,12,50
2005-12-19,2.255,2.228,2.191,2.247,2.652,1.861,12,51
2005-12-26,2.241,2.255,2.228,2.2,2.528,1.838,12,52
2006-01-02,2.281,2.241,2.255,2.191,2.424,1.824,1,1
2006-01-09,2.371,2.281,2.241,2.228,2.342,1.837,1,2
2006-01-16,2.366,2.371,2.281,2.255,2.247,1.863,1,3
2006-01-23,2.382,2.366,2.371,2.241,2.2,1.896,1,4
2006-01-30,2.402,2.382,2.366,2.281,2.191,1.953,1,5
2006-02-06,2.388,2.402,2.382,2.371,2.228,1.952,2,6
2006-02-13,2.331,2.388,2.402,2.366,2.255,1.941,2,7
2006-02-20,2.286,2.331,2.388,2.382,2.241,1.948,2,8
2006-02-27,2.298,2.286,2.331,2.402,2.281,1.969,2,9
2006-03-06,2.373,2.298,2.286,2.388,2.371,2.04,3,10
2006-03-13,2.408,2.373,2.298,2.331,2.366,2.098,3,11
2006-03-20,2.548,2.408,2.373,2.286,2.382,2.149,3,12
2006-03-27,2.542,2.548,2.408,2.298,2.402,2.194,3,13
2006-04-03,2.631,2.542,2.548,2.373,2.388,2.258,4,14
2006-04-10,2.727,2.631,2.542,2.408,2.331,2.321,4,15
2006-04-17,2.828,2.727,2.631,2.548,2.286,2.28,4,16
2006-04-24,2.96,2.828,2.727,2.542,2.298,2.279,4,17
2006-05-01,2.966,2.96,2.828,2.631,2.373,2.277,5,18
2006-05-08,2.955,2.966,2.96,2.727,2.408,2.231,5,19
2006-05-15,2.992,2.955,2.966,2.828,2.548,2.206,5,20
2006-05-22,2.938,2.992,2.955,2.96,2.542,2.169,5,21
2006-05-29,2.913,2.938,2.992,2.966,2.631,2.141,5,22
2006-06-05,2.937,2.913,2.938,2.955,2.727,2.159,6,23
2006-06-12,2.951,2.937,2.913,2.992,2.828,2.173,6,24
2006-06-19,2.917,2.951,2.937,2.938,2.96,2.204,6,25
2006-06-26,2.914,2.917,2.951,2.913,2.966,2.257,6,26
2006-07-03,2.979,2.914,2.917,2.937,2.955,2.268,7,27
2006-07-10,3.017,2.979,2.914,2.951,2.992,2.369,7,28
2006-07-17,3.033,3.017,2.979,2.917,2.938,2.36,7,29
2006-07-24,3.048,3.033,3.017,2.914,2.913,2.333,7,30
2006-07-31,3.05,3.048,3.033,2.979,2.937,2.335,7,31
2006-08-07,3.083,3.05,3.048,3.017,2.951,2.41,8,32
2006-08-14,3.047,3.083,3.05,3.033,2.917,2.592,8,33
2006-08-21,2.971,3.047,3.083,3.048,2.914,2.654,8,34
2006-08-28,2.893,2.971,3.047,3.05,2.979,2.653,8,35
2006-09-04,2.777,2.893,2.971,3.083,3.017,3.117,9,36
2006-09-11,2.67,2.777,2.893,3.047,3.033,3.002,9,37
2006-09-18,2.549,2.67,2.777,2.971,3.048,2.835,9,38
2006-09-25,2.429,2.549,2.67,2.893,3.05,2.851,9,39
2006-10-02,2.36,2.429,2.549,2.777,3.083,2.975,10,40
2006-10-09,2.31,2.36,2.429,2.67,3.047,2.896,10,41
2006-10-16,2.274,2.31,2.36,2.549,2.971,2.775,10,42
2006-10-23,2.255,2.274,2.31,2.429,2.893,2.652,10,43
2006-10-30,2.264,2.255,2.274,2.36,2.777,2.528,10,44
2006-11-06,2.246,2.264,2.255,2.31,2.67,2.424,11,45
2006-11-13,2.278,2.246,2.264,2.274,2.549,2.342,11,46
2006-11-20,2.285,2.278,2.246,2.255,2.429,2.247,11,47
2006-11-27,2.292,2.285,2.278,2.264,2.36,2.2,11,48
2006-12-04,2.342,2.292,2.285,2.246,2.31,2.191,12,49
2006-12-11,2.34,2.342,2.292,2.278,2.274,2.228,12,50
2006-12-18,2.366,2.34,2.342,2.285,2.255,2.255,12,51
2006-12-25,2.387,2.366,2.34,2.292,2.264,2.241,12,52
2007-01-01,2.382,2.387,2.366,2.342,2.246,2.281,1,1
2007-01-08,2.354,2.382,2.387,2.34,2.278,2.371,1,2
2007-01-15,2.28,2.354,2.382,2.366,2.285,2.366,1,3
2007-01-22,2.216,2.28,2.354,2.387,2.292,2.382,1,4
2007-01-29,2.213,2.216,2.28,2.382,2.342,2.402,1,5
2007-02-05,2.237,2.213,2.216,2.354,2.34,2.388,2,6
2007-02-12,2.287,2.237,2.213,2.28,2.366,2.331,2,7
2007-02-19,2.341,2.287,2.237,2.216,2.387,2.286,2,8
2007-02-26,2.428,2.341,2.287,2.213,2.382,2.298,2,9
2007-03-05,2.551,2.428,2.341,2.237,2.354,2.373,3,10
2007-03-12,2.605,2.551,2.428,2.287,2.28,2.408,3,11
2007-03-19,2.623,2.605,2.551,2.341,2.216,2.548,3,12
2007-03-26,2.655,2.623,2.605,2.428,2.213,2.542,3,13
2007-04-02,2.753,2.655,2.623,2.551,2.237,2.631,4,14
2007-04-09,2.848,2.753,2.655,2.605,2.287,2.727,4,15
2007-04-16,2.922,2.848,2.753,2.623,2.341,2.828,4,16
2007-04-23,2.917,2.922,2.848,2.655,2.428,2.96,4,17
2007-04-30,3.017,2.917,2.922,2.753,2.551,2.966,4,18
2007-05-07,3.097,3.017,2.917,2.848,2.605,2.955,5,19
2007-05-14,3.143,3.097,3.017,2.922,2.623,2.992,5,20
2007-05-21,3.258,3.143,3.097,2.917,2.655,2.938,5,21
2007-05-28,3.25,3.258,3.143,3.017,2.753,2.913,5,22
2007-06-04,3.2,3.25,3.258,3.097,2.848,2.937,6,23
2007-06-11,3.122,3.2,3.25,3.143,2.922,2.951,6,24
2007-06-18,3.057,3.122,3.2,3.258,2.917,2.917,6,25
2007-06-25,3.029,3.057,3.122,3.25,3.017,2.914,6,26
2007-07-02,3.005,3.029,3.057,3.2,3.097,2.979,7,27
2007-07-09,3.026,3.005,3.029,3.122,3.143,3.017,7,28
2007-07-16,3.092,3.026,3.005,3.057,3.258,3.033,7,29
2007-07-23,3.005,3.092,3.026,3.029,3.25,3.048,7,30
2007-07-30,2.926,3.005,3.092,3.005,3.2,3.05,7,31
2007-08-06,2.888,2.926,3.005,3.026,3.122,3.083,8,32
2007-08-13,2.821,2.888,2.926,3.092,3.057,3.047,8,33
2007-08-20,2.832,2.821,2.888,3.005,3.029,2.971,8,34
2007-08-27,2.796,2.832,2.821,2.926,3.005,2.893,8,35
2007-09-03,2.84,2.796,2.832,2.888,3.026,2.777,9,36
2007-09-10,2.862,2.84,2.796,2.821,3.092,2.67,9,37
2007-09-17,2.835,2.862,2.84,2.832,3.005,2.549,9,38
2007-09-24,2.86,2.835,2.862,2.796,2.926,2.429,9,39
2007-10-01,2.838,2.86,2.835,2.84,2.888,2.36,10,40
2007-10-08,2.821,2.838,2.86,2.862,2.821,2.31,10,41
2007-10-15,2.813,2.821,2.838,2.835,2.832,2.274,10,42
2007-10-22,2.873,2.813,2.821,2.86,2.796,2.255,10,43
2007-10-29,2.921,2.873,2.813,2.838,2.84,2.264,10,44
2007-11-05,3.06,2.921,2.873,2.821,2.862,2.246,11,45
2007-11-12,3.158,3.06,2.921,2.813,2.835,2.278,11,46
2007-11-19,3.148,3.158,3.06,2.873,2.86,2.285,11,47
2007-11-26,3.147,3.148,3.158,2.921,2.838,2.292,11,48
2007-12-03,3.113,3.147,3.148,3.06,2.821,2.342,12,49
2007-12-10,3.053,3.113,3.147,3.158,2.813,2.34,12,50
2007-12-17,3.05,3.053,3.113,3.148,2.873,2.366,12,51
2007-12-24,3.032,3.05,3.053,3.147,2.921,2.387,12,52
2007-12-31,3.104,3.032,3.05,3.113,3.06,2.382,12,1
2008-01-07,3.159,3.104,3.032,3.053,3.158,2.354,1,2
2008-01-14,3.119,3.159,3.104,3.05,3.148,2.28,1,3
2008-01-21,3.07,3.119,3.159,3.032,3.147,2.216,1,4
2008-01-28,3.03,3.07,3.119,3.104,3.113,2.213,1,5
2008-02-04,3.03,3.03,3.07,3.159,3.053,2.237,2,6
2008-02-11,3.011,3.03,3.03,3.119,3.05,2.287,2,7
2008-02-18,3.092,3.011,3.03,3.07,3.032,2.341,2,8
2008-02-25,3.18,3.092,3.011,3.03,3.104,2.428,2,9
2008-03-03,3.212,3.18,3.092,3.03,3.159,2.551,3,10
2008-03-10,3.273,3.212,3.18,3.011,3.119,2.605,3,11
2008-03-17,3.332,3.273,3.212,3.092,3.07,2.623,3,12
2008-03-24,3.31,3.332,3.273,3.18,3.03,2.655,3,13
2008-03-31,3.339,3.31,3.332,3.212,3.03,2.753,3,14
2008-04-07,3.381,3.339,3.31,3.273,3.011,2.848,4,15
2008-04-14,3.438,3.381,3.339,3.332,3.092,2.922,4,16
2008-04-21,3.557,3.438,3.381,3.31,3.18,2.917,4,17
2008-04-28,3.653,3.557,3.438,3.339,3.212,3.017,4,18
2008-05-05,3.663,3.653,3.557,3.381,3.273,3.097,5,19
2008-05-12,3.771,3.663,3.653,3.438,3.332,3.143,5,20
2008-05-19,3.84,3.771,3.663,3.557,3.31,3.258,5,21
2008-05-26,3.986,3.84,3.771,3.653,3.339,3.25,5,22
2008-06-02,4.026,3.986,3.84,3.663,3.381,3.2,6,23
2008-06-09,4.09,4.026,3.986,3.771,3.438,3.122,6,24
2008-06-16,4.134,4.09,4.026,3.84,3.557,3.057,6,25
2008-06-23,4.131,4.134,4.09,3.986,3.653,3.029,6,26
2008-06-30,4.146,4.131,4.134,4.026,3.663,3.005,6,27
2008-07-07,4.165,4.146,4.131,4.09,3.771,3.026,7,28
2008-07-14,4.164,4.165,4.146,4.134,3.84,3.092,7,29
2008-07-21,4.118,4.164,4.165,4.131,3.986,3.005,7,30
2008-07-28,4.01,4.118,4.164,4.146,4.026,2.926,7,31
2008-08-04,3.935,4.01,4.118,4.165,4.09,2.888,8,32
2008-08-11,3.864,3.935,4.01,4.164,4.134,2.821,8,33
2008-08-18,3.794,3.864,3.935,4.118,4.131,2.832,8,34
2008-08-25,3.738,3.794,3.864,4.01,4.146,2.796,8,35
2008-09-01,3.733,3.738,3.794,3.935,4.165,2.84,9,36
2008-09-08,3.701,3.733,3.738,3.864,4.164,2.862,9,37
2008-09-15,3.887,3.701,3.733,3.794,4.118,2.835,9,38
2008-09-22,3.772,3.887,3.701,3.738,4.01,2.86,9,39
2008-09-29,3.687,3.772,3.887,3.733,3.935,2.838,9,40
2008-10-06,3.543,3.687,3.772,3.701,3.864,2.821,10,41
2008-10-13,3.213,3.543,3.687,3.887,3.794,2.813,10,42
2008-10-20,2.974,3.213,3.543,3.772,3.738,2.873,10,43
2008-10-27,2.718,2.974,3.213,3.687,3.733,2.921,10,44
2008-11-03,2.462,2.718,2.974,3.543,3.701,3.06,11,45
2008-11-10,2.284,2.462,2.718,3.213,3.887,3.158,11,46
2008-11-17,2.132,2.284,2.462,2.974,3.772,3.148,11,47
2008-11-24,1.952,2.132,2.284,2.718,3.687,3.147,11,48
2008-12-01,1.87,1.952,2.132,2.462,3.543,3.113,12,49
2008-12-08,1.758,1.87,1.952,2.284,3.213,3.053,12,50
2008-12-15,1.716,1.758,1.87,2.132,2.974,3.05,12,51
2008-12-22,1.71,1.716,1.758,1.952,2.718,3.032,12,52
2008-12-29,1.67,1.71,1.716,1.87,2.462,3.104,12,1
2009-01-05,1.737,1.67,1.71,1.758,2.284,3.159,1,2
2009-01-12,1.835,1.737,1.67,1.716,2.132,3.119,1,3
2009-01-19,1.898,1.835,1.737,1.71,1.952,3.07,1,4
2009-01-26,1.89,1.898,1.835,1.67,1.87,3.03,1,5
2009-02-02,1.944,1.89,1.898,1.737,1.758,3.03,2,6
2009-02-09,1.978,1.944,1.89,1.835,1.716,3.011,2,7
2009-02-16,2.016,1.978,1.944,1.898,1.71,3.092,2,8
2009-02-23,1.963,2.016,1.978,1.89,1.67,3.18,2,9
2009-03-02,1.988,1.963,2.016,1.944,1.737,3.212,3,10
2009-03-09,1.993,1.988,1.963,1.978,1.835,3.273,3,11
2009-03-16,1.964,1.993,1.988,2.016,1.898,3.332,3,12
2009-03-23,2.014,1.964,1.993,1.963,1.89,3.31,3,13
2009-03-30,2.097,2.014,1.964,1.988,1.944,3.339,3,14
2009-04-06,2.09,2.097,2.014,1.993,1.978,3.381,4,15
2009-04-13,2.104,2.09,2.097,1.964,2.016,3.438,4,16
2009-04-20,2.112,2.104,2.09,2.014,1.963,3.557,4,17
2009-04-27,2.102,2.112,2.104,2.097,1.988,3.653,4,18
2009-05-04,2.129,2.102,2.112,2.09,1.993,3.663,5,19
2009-05-11,2.29,2.129,2.102,2.104,1.964,3.771,5,20
2009-05-18,2.36,2.29,2.129,2.112,2.014,3.84,5,21
2009-05-25,2.485,2.36,2.29,2.102,2.097,3.986,5,22
2009-06-01,2.572,2.485,2.36,2.129,2.09,4.026,6,23
2009-06-08,2.673,2.572,2.485,2.29,2.104,4.09,6,24
2009-06-15,2.722,2.673,2.572,2.36,2.112,4.134,6,25
2009-06-22,2.743,2.722,2.673,2.485,2.102,4.131,6,26
2009-06-29,2.695,2.743,2.722,2.572,2.129,4.146,6,27
2009-07-06,2.666,2.695,2.743,2.673,2.29,4.165,7,28
2009-07-13,2.584,2.666,2.695,2.722,2.36,4.164,7,29
2009-07-20,2.519,2.584,2.666,2.743,2.485,4.118,7,30
2009-07-27,2.557,2.519,2.584,2.695,2.572,4.01,7,31
2009-08-03,2.61,2.557,2.519,2.666,2.673,3.935,8,32
2009-08-10,2.7,2.61,2.557,2.584,2.722,3.864,8,33
2009-08-17,2.691,2.7,2.61,2.519,2.743,3.794,8,34
2009-08-24,2.682,2.691,2.7,2.557,2.695,3.738,8,35
2009-08-31,2.667,2.682,2.691,2.61,2.666,3.733,8,36
2009-09-07,2.642,2.667,2.682,2.7,2.584,3.701,9,37
2009-09-14,2.632,2.642,2.667,2.691,2.519,3.887,9,38
2009-09-21,2.607,2.632,2.642,2.682,2.557,3.772,9,39
2009-09-28,2.554,2.607,2.632,2.667,2.61,3.687,9,40
2009-10-05,2.523,2.554,2.607,2.642,2.7,3.543,10,41
2009-10-12,2.543,2.523,2.554,2.632,2.691,3.213,10,42
2009-10-19,2.626,2.543,2.523,2.607,2.682,2.974,10,43
2009-10-26,2.727,2.626,2.543,2.554,2.667,2.718,10,44
2009-11-02,2.746,2.727,2.626,2.523,2.642,2.462,11,45
2009-11-09,2.72,2.746,2.727,2.543,2.632,2.284,11,46
2009-11-16,2.684,2.72,2.746,2.626,2.607,2.132,11,47
2009-11-23,2.694,2.684,2.72,2.727,2.554,1.952,11,48
2009-11-30,2.684,2.694,2.684,2.746,2.523,1.87,11,49
2009-12-07,2.689,2.684,2.694,2.72,2.543,1.758,12,50
2009-12-14,2.655,2.689,2.684,2.684,2.626,1.716,12,51
2009-12-21,2.645,2.655,2.689,2.694,2.727,1.71,12,52
2009-12-28,2.662,2.645,2.655,2.684,2.746,1.67,12,53
2010-01-04,2.718,2.662,2.645,2.689,2.72,1.737,1,1
2010-01-11,2.804,2.718,2.662,2.655,2.684,1.835,1,2
2010-01-18,2.793,2.804,2.718,2.645,2.694,1.898,1,3
2010-01-25,2.76,2.793,2.804,2.662,2.684,1.89,1,4
2010-02-01,2.717,2.76,2.793,2.718,2.689,1.944,2,5
2010-02-08,2.707,2.717,2.76,2.804,2.655,1.978,2,6
2010-02-15,2.664,2.707,2.717,2.793,2.645,2.016,2,7
2010-02-22,2.709,2.664,2.707,2.76,2.662,1.963,2,8
2010-03-01,2.756,2.709,2.664,2.717,2.718,1.988,3,9
2010-03-08,2.804,2.756,2.709,2.707,2.804,1.993,3,10
2010-03-15,2.841,2.804,2.756,2.664,2.793,1.964,3,11
2010-03-22,2.87,2.841,2.804,2.709,2.76,2.014,3,12
2010-03-29,2.851,2.87,2.841,2.756,2.717,2.097,3,13
2010-04-05,2.877,2.851,2.87,2.804,2.707,2.09,4,14
2010-04-12,2.909,2.877,2.851,2.841,2.664,2.104,4,15
2010-04-19,2.911,2.909,2.877,2.87,2.709,2.112,4,16
2010-04-26,2.901,2.911,2.909,2.851,2.756,2.102,4,17
2010-05-03,2.95,2.901,2.911,2.877,2.804,2.129,5,18
2010-05-10,2.958,2.95,2.901,2.909,2.841,2.29,5,19
2010-05-17,2.918,2.958,2.95,2.911,2.87,2.36,5,20
2010-05-24,2.842,2.918,2.958,2.901,2.851,2.485,5,21
2010-05-31,2.784,2.842,2.918,2.95,2.877,2.572,5,22
2010-06-07,2.78,2.784,2.842,2.958,2.909,2.673,6,23
2010-06-14,2.756,2.78,2.784,2.918,2.911,2.722,6,24
2010-06-21,2.795,2.756,2.78,2.842,2.901,2.743,6,25
2010-06-28,2.809,2.795,2.756,2.784,2.95,2.695,6,26
2010-07-05,2.779,2.809,2.795,2.78,2.958,2.666,7,27
2010-07-12,2.771,2.779,2.809,2.756,2.918,2.584,7,28
2010-07-19,2.775,2.771,2.779,2.795,2.842,2.519,7,29
2010-07-26,2.801,2.775,2.771,2.809,2.784,2.557,7,30
2010-08-02,2.788,2.801,2.775,2.779,2.78,2.61,8,31
2010-08-09,2.835,2.788,2.801,2.771,2.756,2.7,8,32
2010-08-16,2.798,2.835,2.788,2.775,2.795,2.691,8,33
2010-08-23,2.759,2.798,2.835,2.801,2.809,2.682,8,34
2010-08-30,2.736,2.759,2.798,2.788,2.779,2.667,8,35
2010-09-06,2.735,2.736,2.759,2.835,2.771,2.642,9,36
2010-09-13,2.772,2.735,2.736,2.798,2.775,2.632,9,37
2010-09-20,2.775,2.772,2.735,2.759,2.801,2.607,9,38
2010-09-27,2.747,2.775,2.772,2.736,2.788,2.554,9,39
2010-10-04,2.784,2.747,2.775,2.735,2.835,2.523,10,40
2010-10-11,2.871,2.784,2.747,2.772,2.798,2.543,10,41
2010-10-18,2.887,2.871,2.784,2.775,2.759,2.626,10,42
2010-10-25,2.87,2.887,2.871,2.747,2.736,2.727,10,43
2010-11-01,2.861,2.87,2.887,2.784,2.735,2.746,11,44
2010-11-08,2.917,2.861,2.87,2.871,2.772,2.72,11,45
2010-11-15,2.944,2.917,2.861,2.887,2.775,2.684,11,46
2010-11-22,2.931,2.944,2.917,2.87,2.747,2.694,11,47
2010-11-29,2.912,2.931,2.944,2.861,2.784,2.684,11,48
2010-12-06,3.013,2.912,2.931,2.917,2.871,2.689,12,49
2010-12-13,3.035,3.013,2.912,2.944,2.887,2.655,12,50
2010-12-20,3.037,3.035,3.013,2.931,2.87,2.645,12,51
2010-12-27,3.106,3.037,3.035,2.912,2.861,2.662,12,52
2011-01-03,3.124,3.106,3.037,3.013,2.917,2.718,1,1
2011-01-10,3.142,3.124,3.106,3.035,2.944,2.804,1,2
2011-01-17,3.158,3.142,3.124,3.037,2.931,2.793,1,3
2011-01-24,3.163,3.158,3.142,3.106,2.912,2.76,1,4
2011-01-31,3.155,3.163,3.158,3.124,3.013,2.717,1,5
2011-02-07,3.185,3.155,3.163,3.142,3.035,2.707,2,6
2011-02-14,3.193,3.185,3.155,3.158,3.037,2.664,2,7
2011-02-21,3.243,3.193,3.185,3.163,3.106,2.709,2,8
2011-02-28,3.435,3.243,3.193,3.155,3.124,2.756,2,9
2011-03-07,3.572,3.435,3.243,3.185,3.142,2.804,3,10
2011-03-14,3.621,3.572,3.435,3.193,3.158,2.841,3,11
2011-03-21,3.617,3.621,3.572,3.243,3.163,2.87,3,12
2011-03-28,3.65,3.617,3.621,3.435,3.155,2.851,3,13
2011-04-04,3.737,3.65,3.617,3.572,3.185,2.877,4,14
2011-04-11,3.843,3.737,3.65,3.621,3.193,2.909,4,15
2011-04-18,3.896,3.843,3.737,3.617,3.243,2.911,4,16
2011-04-25,3.932,3.896,3.843,3.65,3.435,2.901,4,17
2011-05-02,4.014,3.932,3.896,3.737,3.572,2.95,5,18
2011-05-09,4.018,4.014,3.932,3.843,3.621,2.958,5,19
2011-05-16,4.014,4.018,4.014,3.896,3.617,2.918,5,20
2011-05-23,3.904,4.014,4.018,3.932,3.65,2.842,5,21
2011-05-30,3.848,3.904,4.014,4.014,3.737,2.784,5,22
2011-06-06,3.833,3.848,3.904,4.018,3.843,2.78,6,23
2011-06-13,3.767,3.833,3.848,4.014,3.896,2.756,6,24
2011-06-20,3.708,3.767,3.833,3.904,3.932,2.795,6,25
2011-06-27,3.631,3.708,3.767,3.848,4.014,2.809,6,26
2011-07-04,3.634,3.631,3.708,3.833,4.018,2.779,7,27
2011-07-11,3.695,3.634,3.631,3.767,4.014,2.771,7,28
2011-07-18,3.736,3.695,3.634,3.708,3.904,2.775,7,29
2011-07-25,3.754,3.736,3.695,3.631,3.848,2.801,7,30
2011-08-01,3.766,3.754,3.736,3.634,3.833,2.788,8,31
2011-08-08,3.73,3.766,3.754,3.695,3.767,2.835,8,32
2011-08-15,3.662,3.73,3.766,3.736,3.708,2.798,8,33
2011-08-22,3.638,3.662,3.73,3.754,3.631,2.759,8,34
2011-08-29,3.682,3.638,3.662,3.766,3.634,2.736,8,35
2011-09-05,3.727,3.682,3.638,3.73,3.695,2.735,9,36
2011-09-12,3.715,3.727,3.682,3.662,3.736,2.772,9,37
2011-09-19,3.657,3.715,3.727,3.638,3.754,2.775,9,38
2011-09-26,3.568,3.657,3.715,3.682,3.766,2.747,9,39
2011-10-03,3.492,3.568,3.657,3.727,3.73,2.784,10,40
2011-10-10,3.476,3.492,3.568,3.715,3.662,2.871,10,41
2011-10-17,3.533,3.476,3.492,3.657,3.638,2.887,10,42
2011-10-24,3.52,3.533,3.476,3.568,3.682,2.87,10,43
2011-10-31,3.511,3.52,3.533,3.492,3.727,2.861,10,44
2011-11-07,3.482,3.511,3.52,3.476,3.715,2.917,11,45
2011-11-14,3.495,3.482,3.511,3.533,3.657,2.944,11,46
2011-11-21,3.427,3.495,3.482,3.52,3.568,2.931,11,47
2011-11-28,3.368,3.427,3.495,3.511,3.492,2.912,11,48
2011-12-05,3.35,3.368,3.427,3.482,3.476,3.013,12,49
2011-12-12,3.346,3.35,3.368,3.495,3.533,3.035,12,50
2011-12-19,3.29,3.346,3.35,3.427,3.52,3.037,12,51
2011-12-26,3.317,3.29,3.346,3.368,3.511,3.106,12,52
2012-01-02,3.358,3.317,3.29,3.35,3.482,3.124,1,1
2012-01-09,3.441,3.358,3.317,3.346,3.495,3.142,1,2
2012-01-16,3.451,3.441,3.358,3.29,3.427,3.158,1,3
2012-01-23,3.45,3.451,3.441,3.317,3.368,3.163,1,4
2012-01-30,3.5,3.45,3.451,3.358,3.35,3.155,1,5
2012-02-06,3.542,3.5,3.45,3.441,3.346,3.185,2,6
2012-02-13,3.584,3.542,3.5,3.451,3.29,3.193,2,7
2012-02-20,3.652,3.584,3.542,3.45,3.317,3.243,2,8
2012-02-27,3.78,3.652,3.584,3.5,3.358,3.435,2,9
2012-03-05,3.849,3.78,3.652,3.542,3.441,3.572,3,10
2012-03-12,3.884,3.849,3.78,3.584,3.451,3.621,3,11
2012-03-19,3.923,3.884,3.849,3.652,3.45,3.617,3,12
2012-03-26,3.973,3.923,3.884,3.78,3.5,3.65,3,13
2012-04-02,3.996,3.973,3.923,3.849,3.542,3.737,4,14
2012-04-09,3.997,3.996,3.973,3.884,3.584,3.843,4,15
2012-04-16,3.98,3.997,3.996,3.923,3.652,3.896,4,16
2012-04-23,3.929,3.98,3.997,3.973,3.78,3.932,4,17
2012-04-30,3.889,3.929,3.98,3.996,3.849,4.014,4,18
2012-05-07,3.849,3.889,3.929,3.997,3.884,4.018,5,19
2012-05-14,3.814,3.849,3.889,3.98,3.923,4.014,5,20
2012-05-21,3.773,3.814,3.849,3.929,3.973,3.904,5,21
2012-05-28,3.728,3.773,3.814,3.889,3.996,3.848,5,22
2012-06-04,3.671,3.728,3.773,3.849,3.997,3.833,6,23
2012-06-11,3.629,3.671,3.728,3.814,3.98,3.767,6,24
2012-06-18,3.589,3.629,3.671,3.773,3.929,3.708,6,25
2012-06-25,3.494,3.589,3.629,3.728,3.889,3.631,6,26
2012-07-02,3.415,3.494,3.589,3.671,3.849,3.634,7,27
2012-07-09,3.469,3.415,3.494,3.629,3.814,3.695,7,28
2012-07-16,3.485,3.469,3.415,3.589,3.773,3.736,7,29
2012-07-23,3.554,3.485,3.469,3.494,3.728,3.754,7,30
2012-07-30,3.568,3.554,3.485,3.415,3.671,3.766,7,31
2012-08-06,3.702,3.568,3.554,3.469,3.629,3.73,8,32
2012-08-13,3.779,3.702,3.568,3.485,3.589,3.662,8,33
2012-08-20,3.803,3.779,3.702,3.554,3.494,3.638,8,34
2012-08-27,3.837,3.803,3.779,3.568,3.415,3.682,8,35
2012-09-03,3.903,3.837,3.803,3.702,3.469,3.727,9,36
2012-09-10,3.907,3.903,3.837,3.779,3.485,3.715,9,37
2012-09-17,3.939,3.907,3.903,3.803,3.554,3.657,9,38
2012-09-24,3.889,3.939,3.907,3.837,3.568,3.568,9,39
2012-10-01,3.866,3.889,3.939,3.903,3.702,3.492,10,40
2012-10-08,3.914,3.866,3.889,3.907,3.779,3.476,10,41
2012-10-15,3.886,3.914,3.866,3.939,3.803,3.533,10,42
2012-10-22,3.756,3.886,3.914,3.889,3.837,3.52,10,43
2012-10-29,3.638,3.756,3.886,3.866,3.903,3.511,10,44
2012-11-05,3.563,3.638,3.756,3.914,3.907,3.482,11,45
2012-11-12,3.518,3.563,3.638,3.886,3.939,3.495,11,46
2012-11-19,3.497,3.518,3.563,3.756,3.889,3.427,11,47
2012-11-26,3.505,3.497,3.518,3.638,3.866,3.368,11,48
2012-12-03,3.463,3.505,3.497,3.563,3.914,3.35,12,49
2012-12-10,3.419,3.463,3.505,3.518,3.886,3.346,12,50
2012-12-17,3.324,3.419,3.463,3.497,3.756,3.29,12,51
2012-12-24,3.328,3.324,3.419,3.505,3.638,3.317,12,52
2012-12-31,3.369,3.328,3.324,3.463,3.563,3.358,12,1
2013-01-07,3.373,3.369,3.328,3.419,3.518,3.441,1,2
2013-01-14,3.377,3.373,3.369,3.324,3.497,3.451,1,3
2013-01-21,3.386,3.377,3.373,3.328,3.505,3.45,1,4
2013-01-28,3.427,3.386,3.377,3.369,3.463,3.5,1,5
2013-02-04,3.604,3.427,3.386,3.373,3.419,3.542,2,6
2013-02-11,3.677,3.604,3.427,3.377,3.324,3.584,2,7
2013-02-18,3.812,3.677,3.604,3.386,3.328,3.652,2,8
2013-02-25,3.851,3.812,3.677,3.427,3.369,3.78,2,9
2013-03-04,3.826,3.851,3.812,3.604,3.373,3.849,3,10
2013-03-11,3.779,3.826,3.851,3.677,3.377,3.884,3,11
2013-03-18,3.764,3.779,3.826,3.812,3.386,3.923,3,12
2013-03-25,3.746,3.764,3.779,3.851,3.427,3.973,3,13
2013-04-01,3.714,3.746,3.764,3.826,3.604,3.996,4,14
2013-04-08,3.676,3.714,3.746,3.779,3.677,3.997,4,15
2013-04-15,3.611,3.676,3.714,3.764,3.812,3.98,4,16
2013-04-22,3.603,3.611,3.676,3.746,3.851,3.929,4,17
2013-04-29,3.587,3.603,3.611,3.714,3.826,3.889,4,18
2013-05-06,3.602,3.587,3.603,3.676,3.779,3.849,5,19
2013-05-13,3.665,3.602,3.587,3.611,3.764,3.814,5,20
2013-05-20,3.729,3.665,3.602,3.603,3.746,3.773,5,21
2013-05-27,3.704,3.729,3.665,3.587,3.714,3.728,5,22
2013-06-03,3.705,3.704,3.729,3.602,3.676,3.671,6,23
2013-06-10,3.715,3.705,3.704,3.665,3.611,3.629,6,24
2013-06-17,3.689,3.715,3.705,3.729,3.603,3.589,6,25
2013-06-24,3.645,3.689,3.715,3.704,3.587,3.494,6,26
2013-07-01,3.567,3.645,3.689,3.705,3.602,3.415,7,27
2013-07-08,3.563,3.567,3.645,3.715,3.665,3.469,7,28
2013-07-15,3.706,3.563,3.567,3.689,3.729,3.485,7,29
2013-07-22,3.751,3.706,3.563,3.645,3.704,3.554,7,30
2013-07-29,3.716,3.751,3.706,3.567,3.705,3.568,7,31
2013-08-05,3.701,3.716,3.751,3.563,3.715,3.702,8,32
2013-08-12,3.633,3.701,3.716,3.706,3.689,3.779,8,33
2013-08-19,3.622,3.633,3.701,3.751,3.645,3.803,8,34
2013-08-26,3.623,3.622,3.633,3.716,3.567,3.837,8,35
2013-09-02,3.678,3.623,3.622,3.701,3.563,3.903,9,36
2013-09-09,3.658,3.678,3.623,3.633,3.706,3.907,9,37
2013-09-16,3.619,3.658,3.678,3.622,3.751,3.939,9,38
2013-09-23,3.567,3.619,3.658,3.623,3.716,3.889,9,39
2013-09-30,3.499,3.567,3.619,3.678,3.701,3.866,9,40
2013-10-07,3.441,3.499,3.567,3.658,3.633,3.914,10,41
2013-10-14,3.43,3.441,3.499,3.619,3.622,3.886,10,42
2013-10-21,3.435,3.43,3.441,3.567,3.623,3.756,10,43
2013-10-28,3.372,3.435,3.43,3.499,3.678,3.638,10,44
2013-11-04,3.343,3.372,3.435,3.441,3.658,3.563,11,45
2013-11-11,3.274,3.343,3.372,3.43,3.619,3.518,11,46
2013-11-18,3.298,3.274,3.343,3.435,3.567,3.497,11,47
2013-11-25,3.372,3.298,3.274,3.372,3.499,3.505,11,48
2013-12-02,3.353,3.372,3.298,3.343,3.441,3.463,12,49
2013-12-09,3.35,3.353,3.372,3.274,3.43,3.419,12,50
2013-12-16,3.321,3.35,3.353,3.298,3.435,3.324,12,51
2013-12-23,3.351,3.321,3.35,3.372,3.372,3.328,12,52
2013-12-30,3.409,3.351,3.321,3.353,3.343,3.369,12,1
2014-01-06,3.411,3.409,3.351,3.35,3.274,3.373,1,2
2014-01-13,3.406,3.411,3.409,3.321,3.298,3.377,1,3
2014-01-20,3.376,3.406,3.411,3.351,3.372,3.386,1,4
2014-01-27,3.375,3.376,3.406,3.409,3.353,3.427,1,5
2014-02-03,3.372,3.375,3.376,3.411,3.35,3.604,2,6
2014-02-10,3.388,3.372,3.375,3.406,3.321,3.677,2,7
2014-02-17,3.457,3.388,3.372,3.376,3.351,3.812,2,8
2014-02-24,3.52,3.457,3.388,3.375,3.409,3.851,2,9
2014-03-03,3.553,3.52,3.457,3.372,3.411,3.826,3,10
2014-03-10,3.584,3.553,3.52,3.388,3.406,3.779,3,11
2014-03-17,3.619,3.584,3.553,3.457,3.376,3.764,3,12
2014-03-24,3.622,3.619,3.584,3.52,3.375,3.746,3,13
2014-03-31,3.651,3.622,3.619,3.553,3.372,3.714,3,14
2014-04-07,3.67,3.651,3.622,3.584,3.388,3.676,4,15
2014-04-14,3.725,3.67,3.651,3.619,3.457,3.611,4,16
2014-04-21,3.758,3.725,3.67,3.622,3.52,3.603,4,17
2014-04-28,3.788,3.758,3.725,3.651,3.553,3.587,4,18
2014-05-05,3.761,3.788,3.758,3.67,3.584,3.602,5,19
2014-05-12,3.746,3.761,3.788,3.725,3.619,3.665,5,20
2014-05-19,3.743,3.746,3.761,3.758,3.622,3.729,5,21
2014-05-26,3.75,3.743,3.746,3.788,3.651,3.704,5,22
2014-06-02,3.765,3.75,3.743,3.761,3.67,3.705,6,23
2014-06-09,3.749,3.765,3.75,3.746,3.725,3.715,6,24
2014-06-16,3.76,3.749,3.765,3.743,3.758,3.689,6,25
2014-06-23,3.778,3.76,3.749,3.75,3.788,3.645,6,26
2014-06-30,3.778,3.778,3.76,3.765,3.761,3.567,6,27
2014-07-07,3.753,3.778,3.778,3.749,3.746,3.563,7,28
2014-07-14,3.712,3.753,3.778,3.76,3.743,3.706,7,29
2014-07-21,3.671,3.712,3.753,3.778,3.75,3.751,7,30
2014-07-28,3.617,3.671,3.712,3.778,3.765,3.716,7,31
2014-08-04,3.595,3.617,3.671,3.753,3.749,3.701,8,32
2014-08-11,3.582,3.595,3.617,3.712,3.76,3.633,8,33
2014-08-18,3.549,3.582,3.595,3.671,3.778,3.622,8,34
2014-08-25,3.532,3.549,3.582,3.617,3.778,3.623,8,35
2014-09-01,3.536,3.532,3.549,3.595,3.753,3.678,9,36
2014-09-08,3.534,3.536,3.532,3.582,3.712,3.658,9,37
2014-09-15,3.485,3.534,3.536,3.549,3.671,3.619,9,38
2014-09-22,3.432,3.485,3.534,3.532,3.617,3.567,9,39
2014-09-29,3.434,3.432,3.485,3.536,3.595,3.499,9,40
2014-10-06,3.382,3.434,3.432,3.534,3.582,3.441,10,41
2014-10-13,3.292,3.382,3.434,3.485,3.549,3.43,10,42
2014-10-20,3.205,3.292,3.382,3.432,3.532,3.435,10,43
2014-10-27,3.139,3.205,3.292,3.434,3.536,3.372,10,44
2014-11-03,3.077,3.139,3.205,3.382,3.534,3.343,11,45
2014-11-10,3.025,3.077,3.139,3.292,3.485,3.274,11,46
2014-11-17,2.978,3.025,3.077,3.205,3.432,3.298,11,47
2014-11-24,2.907,2.978,3.025,3.139,3.434,3.372,11,48
2014-12-01,2.864,2.907,2.978,3.077,3.382,3.353,12,49
2014-12-08,2.767,2.864,2.907,3.025,3.292,3.35,12,50
2014-12-15,2.643,2.767,2.864,2.978,3.205,3.321,12,51
2014-12-22,2.496,2.643,2.767,2.907,3.139,3.351,12,52
2014-12-29,2.392,2.496,2.643,2.864,3.077,3.409,12,1
2015-01-05,2.308,2.392,2.496,2.767,3.025,3.411,1,2
2015-01-12,2.232,2.308,2.392,2.643,2.978,3.406,1,3
2015-01-19,2.157,2.232,2.308,2.496,2.907,3.376,1,4
2015-01-26,2.133,2.157,2.232,2.392,2.864,3.375,1,5
2015-02-02,2.154,2.133,2.157,2.308,2.767,3.372,2,6
2015-02-09,2.276,2.154,2.133,2.232,2.643,3.388,2,7
2015-02-16,2.358,2.276,2.154,2.157,2.496,3.457,2,8
2015-02-23,2.415,2.358,2.276,2.133,2.392,3.52,2,9
2015-03-02,2.556,2.415,2.358,2.154,2.308,3.553,3,10
2015-03-09,2.57,2.556,2.415,2.276,2.232,3.584,3,11
2015-03-16,2.537,2.57,2.556,2.358,2.157,3.619,3,12
2015-03-23,2.538,2.537,2.57,2.415,2.133,3.622,3,13
2015-03-30,2.531,2.538,2.537,2.556,2.154,3.651,3,14
2015-04-06,2.499,2.531,2.538,2.57,2.276,3.67,4,15
2015-04-13,2.494,2.499,2.531,2.537,2.358,3.725,4,16
2015-04-20,2.57,2.494,2.499,2.538,2.415,3.758,4,17
2015-04-27,2.656,2.57,2.494,2.531,2.556,3.788,4,18
2015-05-04,2.749,2.656,2.57,2.499,2.57,3.761,5,19
2015-05-11,2.776,2.749,2.656,2.494,2.537,3.746,5,20
2015-05-18,2.827,2.776,2.749,2.57,2.538,3.743,5,21
2015-05-25,2.857,2.827,2.776,2.656,2.531,3.75,5,22
2015-06-01,2.863,2.857,2.827,2.749,2.499,3.765,6,23
2015-06-08,2.863,2.863,2.857,2.776,2.494,3.749,6,24
2015-06-15,2.918,2.863,2.863,2.827,2.57,3.76,6,25
2015-06-22,2.895,2.918,2.863,2.857,2.656,3.778,6,26
2015-06-29,2.885,2.895,2.918,2.863,2.749,3.778,6,27
2015-07-06,2.877,2.885,2.895,2.863,2.776,3.753,7,28
2015-07-13,2.92,2.877,2.885,2.918,2.827,3.712,7,29
2015-07-20,2.888,2.92,2.877,2.895,2.857,3.671,7,30
2015-07-27,2.833,2.888,2.92,2.885,2.863,3.617,7,31
2015-08-03,2.779,2.833,2.888,2.877,2.863,3.595,8,32
2015-08-10,2.72,2.779,2.833,2.92,2.918,3.582,8,33
2015-08-17,2.803,2.72,2.779,2.888,2.895,3.549,8,34
2015-08-24,2.726,2.803,2.72,2.833,2.885,3.532,8,35
2015-08-31,2.602,2.726,2.803,2.779,2.877,3.536,8,36
2015-09-07,2.532,2.602,2.726,2.72,2.92,3.534,9,37
2015-09-14,2.471,2.532,2.602,2.803,2.888,3.485,9,38
2015-09-21,2.425,2.471,2.532,2.726,2.833,3.432,9,39
2015-09-28,2.418,2.425,2.471,2.602,2.779,3.434,9,40
2015-10-05,2.415,2.418,2.425,2.532,2.72,3.382,10,41
2015-10-12,2.432,2.415,2.418,2.471,2.803,3.292,10,42
2015-10-19,2.374,2.432,2.415,2.425,2.726,3.205,10,43
2015-10-26,2.326,2.374,2.432,2.418,2.602,3.139,10,44
2015-11-02,2.322,2.326,2.374,2.415,2.532,3.077,11,45
2015-11-09,2.335,2.322,2.326,2.432,2.471,3.025,11,46
2015-11-16,2.281,2.335,2.322,2.374,2.425,2.978,11,47
2015-11-23,2.198,2.281,2.335,2.326,2.418,2.907,11,48
2015-11-30,2.165,2.198,2.281,2.322,2.415,2.864,11,49
2015-12-07,2.159,2.165,2.198,2.335,2.432,2.767,12,50
2015-12-14,2.144,2.159,2.165,2.281,2.374,2.643,12,51
2015-12-21,2.133,2.144,2.159,2.198,2.326,2.496,12,52
2015-12-28,2.141,2.133,2.144,2.165,2.322,2.392,12,53
2016-01-04,2.135,2.141,2.133,2.159,2.335,2.308,1,1
2016-01-11,2.104,2.135,2.141,2.144,2.281,2.232,1,2
2016-01-18,2.022,2.104,2.135,2.133,2.198,2.157,1,3
2016-01-25,1.965,2.022,2.104,2.141,2.165,2.133,1,4
2016-02-01,1.932,1.965,2.022,2.135,2.159,2.154,2,5
2016-02-08,1.87,1.932,1.965,2.104,2.144,2.276,2,6
2016-02-15,1.834,1.87,1.932,2.022,2.133,2.358,2,7
2016-02-22,1.837,1.834,1.87,1.965,2.141,2.415,2,8
2016-02-29,1.887,1.837,1.834,1.932,2.135,2.556,2,9
2016-03-07,1.943,1.887,1.837,1.87,2.104,2.57,3,10
2016-03-14,2.062,1.943,1.887,1.834,2.022,2.537,3,11
2016-03-21,2.109,2.062,1.943,1.837,1.965,2.538,3,12
2016-03-28,2.169,2.109,2.062,1.887,1.932,2.531,3,13
2016-04-04,2.185,2.169,2.109,1.943,1.87,2.499,4,14
2016-04-11,2.173,2.185,2.169,2.062,1.834,2.494,4,15
2016-04-18,2.24,2.173,2.185,2.109,1.837,2.57,4,16
2016-04-25,2.265,2.24,2.173,2.169,1.887,2.656,4,17
2016-05-02,2.342,2.265,2.24,2.185,1.943,2.749,5,18
2016-05-09,2.325,2.342,2.265,2.173,2.062,2.776,5,19
2016-05-16,2.345,2.325,2.342,2.24,2.109,2.827,5,20
2016-05-23,2.403,2.345,2.325,2.265,2.169,2.857,5,21
2016-05-30,2.44,2.403,2.345,2.342,2.185,2.863,5,22
2016-06-06,2.482,2.44,2.403,2.325,2.173,2.863,6,23
2016-06-13,2.499,2.482,2.44,2.345,2.24,2.918,6,24
2016-06-20,2.455,2.499,2.482,2.403,2.265,2.895,6,25
2016-06-27,2.432,2.455,2.499,2.44,2.342,2.885,6,26
2016-07-04,2.396,2.432,2.455,2.482,2.325,2.877,7,27
2016-07-11,2.359,2.396,2.432,2.499,2.345,2.92,7,28
2016-07-18,2.336,2.359,2.396,2.455,2.403,2.888,7,29
2016-07-25,2.289,2.336,2.359,2.432,2.44,2.833,7,30
2016-08-01,2.267,2.289,2.336,2.396,2.482,2.779,8,31
2016-08-08,2.256,2.267,2.289,2.359,2.499,2.72,8,32
2016-08-15,2.256,2.256,2.267,2.336,2.455,2.803,8,33
2016-08-22,2.299,2.256,2.256,2.289,2.432,2.726,8,34
2016-08-29,2.341,2.299,2.256,2.267,2.396,2.602,8,35
2016-09-05,2.329,2.341,2.299,2.256,2.359,2.532,9,36
2016-09-12,2.31,2.329,2.341,2.256,2.336,2.471,9,37
2016-09-19,2.333,2.31,2.329,2.299,2.289,2.425,9,38
2016-09-26,2.334,2.333,2.31,2.341,2.267,2.418,9,39
2016-10-03,2.354,2.334,2.333,2.329,2.256,2.415,10,40
2016-10-10,2.381,2.354,2.334,2.31,2.256,2.432,10,41
2016-10-17,2.367,2.381,2.354,2.333,2.299,2.374,10,42
2016-10-24,2.353,2.367,2.381,2.334,2.341,2.326,10,43
2016-10-31,2.341,2.353,2.367,2.354,2.329,2.322,10,44
2016-11-07,2.345,2.341,2.353,2.381,2.31,2.335,11,45
2016-11-14,2.298,2.345,2.341,2.367,2.333,2.281,11,46
2016-11-21,2.269,2.298,2.345,2.353,2.334,2.198,11,47
2016-11-28,2.268,2.269,2.298,2.341,2.354,2.165,11,48
2016-12-05,2.321,2.268,2.269,2.345,2.381,2.159,12,49
2016-12-12,2.347,2.321,2.268,2.298,2.367,2.144,12,50
2016-12-19,2.375,2.347,2.321,2.269,2.353,2.133,12,51
2016-12-26,2.419,2.375,2.347,2.268,2.341,2.141,12,52
2017-01-02,2.485,2.419,2.375,2.321,2.345,2.135,1,1
2017-01-09,2.496,2.485,2.419,2.347,2.298,2.104,1,2
2017-01-16,2.467,2.496,2.485,2.375,2.269,2.022,1,3
2017-01-23,2.436,2.467,2.496,2.419,2.268,1.965,1,4
2017-01-30,2.408,2.436,2.467,2.485,2.321,1.932,1,5
2017-02-06,2.405,2.408,2.436,2.496,2.347,1.87,2,6
2017-02-13,2.418,2.405,2.408,2.467,2.375,1.834,2,7
2017-02-20,2.414,2.418,2.405,2.436,2.419,1.837,2,8
2017-02-27,2.427,2.414,2.418,2.408,2.485,1.887,2,9
2017-03-06,2.452,2.427,2.414,2.405,2.496,1.943,3,10
2017-03-13,2.434,2.452,2.427,2.418,2.467,2.062,3,11
2017-03-20,2.433,2.434,2.452,2.414,2.436,2.109,3,12
2017-03-27,2.428,2.433,2.434,2.427,2.408,2.169,3,13
2017-04-03,2.471,2.428,2.433,2.452,2.405,2.185,4,14
2017-04-10,2.534,2.471,2.428,2.434,2.418,2.173,4,15
2017-04-17,2.546,2.534,2.471,2.433,2.414,2.24,4,16
2017-04-24,2.559,2.546,2.534,2.428,2.427,2.265,4,17
2017-05-01,2.522,2.559,2.546,2.471,2.452,2.342,5,18
2017-05-08,2.484,2.522,2.559,2.534,2.434,2.325,5,19
2017-05-15,2.481,2.484,2.522,2.546,2.433,2.345,5,20
2017-05-22,2.51,2.481,2.484,2.559,2.428,2.403,5,21
2017-05-29,2.516,2.51,2.481,2.522,2.471,2.44,5,22
2017-06-05,2.525,2.516,2.51,2.484,2.534,2.482,6,23
2017-06-12,2.479,2.525,2.516,2.481,2.546,2.499,6,24
2017-06-19,2.433,2.479,2.525,2.51,2.559,2.455,6,25
2017-06-26,2.404,2.433,2.479,2.516,2.522,2.432,6,26
2017-07-03,2.376,2.404,2.433,2.525,2.484,2.396,7,27
2017-07-10,2.411,2.376,2.404,2.479,2.481,2.359,7,28
2017-07-17,2.392,2.411,2.376,2.433,2.51,2.336,7,29
2017-07-24,2.426,2.392,2.411,2.404,2.516,2.289,7,30
2017-07-31,2.467,2.426,2.392,2.376,2.525,2.267,7,31
2017-08-07,2.492,2.467,2.426,2.411,2.479,2.256,8,32
2017-08-14,2.497,2.492,2.467,2.392,2.433,2.256,8,33
2017-08-21,2.474,2.497,2.492,2.426,2.404,2.299,8,34
2017-08-28,2.513,2.474,2.497,2.467,2.376,2.341,8,35
2017-09-04,2.794,2.513,2.474,2.492,2.411,2.329,9,36
2017-09-11,2.8,2.794,2.513,2.497,2.392,2.31,9,37
2017-09-18,2.75,2.8,2.794,2.474,2.426,2.333,9,38
2017-09-25,2.701,2.75,2.8,2.513,2.467,2.334,9,39
2017-10-02,2.682,2.701,2.75,2.794,2.492,2.354,10,40
2017-10-09,2.622,2.682,2.701,2.8,2.497,2.381,10,41
2017-10-16,2.605,2.622,2.682,2.75,2.474,2.367,10,42
2017-10-23,2.594,2.605,2.622,2.701,2.513,2.353,10,43
2017-10-30,2.602,2.594,2.605,2.682,2.794,2.341,10,44
2017-11-06,2.673,2.602,2.594,2.622,2.8,2.345,11,45
2017-11-13,2.706,2.673,2.602,2.605,2.75,2.298,11,46
2017-11-20,2.683,2.706,2.673,2.594,2.701,2.269,11,47
2017-11-27,2.648,2.683,2.706,2.602,2.682,2.268,11,48
2017-12-04,2.617,2.648,2.683,2.673,2.622,2.321,12,49
2017-12-11,2.601,2.617,2.648,2.706,2.605,2.347,12,50
2017-12-18,2.568,2.601,2.617,2.683,2.594,2.375,12,51
2017-12-25,2.589,2.568,2.601,2.648,2.602,2.419,12,52
2018-01-01,2.637,2.589,2.568,2.617,2.673,2.485,1,1
2018-01-08,2.639,2.637,2.589,2.601,2.706,2.496,1,2
2018-01-15,2.673,2.639,2.637,2.568,2.683,2.467,1,3
2018-01-22,2.684,2.673,2.639,2.589,2.648,2.436,1,4
2018-01-29,2.723,2.684,2.673,2.637,2.617,2.408,1,5
2018-02-05,2.753,2.723,2.684,2.639,2.601,2.405,2,6
2018-02-12,2.724,2.753,2.723,2.673,2.568,2.418,2,7
2018-02-19,2.676,2.724,2.753,2.684,2.589,2.414,2,8
2018-02-26,2.666,2.676,2.724,2.723,2.637,2.427,2,9
2018-03-05,2.679,2.666,2.676,2.753,2.639,2.452,3,10
2018-03-12,2.677,2.679,2.666,2.724,2.673,2.434,3,11
2018-03-19,2.716,2.677,2.679,2.676,2.684,2.433,3,12
2018-03-26,2.764,2.716,2.677,2.666,2.723,2.428,3,13
2018-04-02,2.817,2.764,2.716,2.679,2.753,2.471,4,14
2018-04-09,2.811,2.817,2.764,2.677,2.724,2.534,4,15
2018-04-16,2.863,2.811,2.817,2.716,2.676,2.546,4,16
2018-04-23,2.914,2.863,2.811,2.764,2.666,2.559,4,17
2018-04-30,2.961,2.914,2.863,2.817,2.679,2.522,4,18
2018-05-07,2.96,2.961,2.914,2.811,2.677,2.484,5,19
2018-05-14,2.949,2.96,2.961,2.863,2.716,2.481,5,20
2018-05-21,2.999,2.949,2.96,2.914,2.764,2.51,5,21
2018-05-28,3.039,2.999,2.949,2.961,2.817,2.516,5,22
2018-06-04,3.018,3.039,2.999,2.96,2.811,2.525,6,23
2018-06-11,2.989,3.018,3.039,2.949,2.863,2.479,6,24
2018-06-18,2.958,2.989,3.018,2.999,2.914,2.433,6,25
2018-06-25,2.913,2.958,2.989,3.039,2.961,2.404,6,26
2018-07-02,2.924,2.913,2.958,3.018,2.96,2.376,7,27
2018-07-09,2.937,2.924,2.913,2.989,2.949,2.411,7,28
2018-07-16,2.943,2.937,2.924,2.958,2.999,2.392,7,29
2018-07-23,2.911,2.943,2.937,2.913,3.039,2.426,7,30
2018-07-30,2.924,2.911,2.943,2.924,3.018,2.467,7,31
2018-08-06,2.93,2.924,2.911,2.937,2.989,2.492,8,32
2018-08-13,2.921,2.93,2.924,2.943,2.958,2.497,8,33
2018-08-20,2.9,2.921,2.93,2.911,2.913,2.474,8,34
2018-08-27,2.906,2.9,2.921,2.924,2.924,2.513,8,35
2018-09-03,2.903,2.906,2.9,2.93,2.937,2.794,9,36
2018-09-10,2.912,2.903,2.906,2.921,2.943,2.8,9,37
2018-09-17,2.921,2.912,2.903,2.9,2.911,2.75,9,38
2018-09-24,2.923,2.921,2.912,2.906,2.924,2.701,9,39
2018-10-01,2.947,2.923,2.921,2.903,2.93,2.682,10,40
2018-10-08,2.984,2.947,2.923,2.912,2.921,2.622,10,41
2018-10-15,2.961,2.984,2.947,2.921,2.9,2.605,10,42
2018-10-22,2.925,2.961,2.984,2.923,2.906,2.594,10,43
2018-10-29,2.896,2.925,2.961,2.947,2.903,2.602,10,44
2018-11-05,2.84,2.896,2.925,2.984,2.912,2.673,11,45
2018-11-12,2.773,2.84,2.896,2.961,2.921,2.706,11,46
2018-11-19,2.7,2.773,2.84,2.925,2.923,2.683,11,47
2018-11-26,2.63,2.7,2.773,2.896,2.947,2.648,11,48
2018-12-03,2.544,2.63,2.7,2.84,2.984,2.617,12,49
2018-12-10,2.511,2.544,2.63,2.773,2.961,2.601,12,50
2018-12-17,2.46,2.511,2.544,2.7,2.925,2.568,12,51
2018-12-24,2.413,2.46,2.511,2.63,2.896,2.589,12,52
2018-12-31,2.358,2.413,2.46,2.544,2.84,2.637,12,1
2019-01-07,2.329,2.358,2.413,2.511,2.773,2.639,1,2
2019-01-14,2.338,2.329,2.358,2.46,2.7,2.673,1,3
2019-01-21,2.34,2.338,2.329,2.413,2.63,2.684,1,4
2019-01-28,2.343,2.34,2.338,2.358,2.544,2.723,1,5
2019-02-04,2.341,2.343,2.34,2.329,2.511,2.753,2,6
2019-02-11,2.361,2.341,2.343,2.338,2.46,2.724,2,7
2019-02-18,2.4,2.361,2.341,2.34,2.413,2.676,2,8
2019-02-25,2.471,2.4,2.361,2.343,2.358,2.666,2,9
2019-03-04,2.502,2.471,2.4,2.341,2.329,2.679,3,10
2019-03-11,2.549,2.502,2.471,2.361,2.338,2.677,3,11
2019-03-18,2.625,2.549,2.502,2.4,2.34,2.716,3,12
2019-03-25,2.701,2.625,2.549,2.471,2.343,2.764,3,13
2019-04-01,2.77,2.701,2.625,2.502,2.341,2.817,4,14
2019-04-08,2.826,2.77,2.701,2.549,2.361,2.811,4,15
2019-04-15,2.912,2.826,2.77,2.625,2.4,2.863,4,16
2019-04-22,2.926,2.912,2.826,2.701,2.471,2.914,4,17
2019-04-29,2.972,2.926,2.912,2.77,2.502,2.961,4,18
2019-05-06,2.983,2.972,2.926,2.826,2.549,2.96,5,19
2019-05-13,2.954,2.983,2.972,2.912,2.625,2.949,5,20
2019-05-20,2.939,2.954,2.983,2.926,2.701,2.999,5,21
2019-05-27,2.909,2.939,2.954,2.972,2.77,3.039,5,22
2019-06-03,2.893,2.909,2.939,2.983,2.826,3.018,6,23
2019-06-10,2.821,2.893,2.909,2.954,2.912,2.989,6,24
2019-06-17,2.759,2.821,2.893,2.939,2.926,2.958,6,25
2019-06-24,2.741,2.759,2.821,2.909,2.972,2.913,6,26
2019-07-01,2.798,2.741,2.759,2.893,2.983,2.924,7,27
2019-07-08,2.827,2.798,2.741,2.821,2.954,2.937,7,28
2019-07-15,2.86,2.827,2.798,2.759,2.939,2.943,7,29
2019-07-22,2.833,2.86,2.827,2.741,2.909,2.911,7,30
2019-07-29,2.798,2.833,2.86,2.798,2.893,2.924,7,31
2019-08-05,2.772,2.798,2.833,2.827,2.821,2.93,8,32
2019-08-12,2.71,2.772,2.798,2.86,2.759,2.921,8,33
2019-08-19,2.684,2.71,2.772,2.833,2.741,2.9,8,34
2019-08-26,2.661,2.684,2.71,2.798,2.798,2.906,8,35
2019-09-02,2.651,2.661,2.684,2.772,2.827,2.903,9,36
2019-09-09,2.638,2.651,2.661,2.71,2.86,2.912,9,37
2019-09-16,2.64,2.638,2.651,2.684,2.833,2.921,9,38
2019-09-23,2.741,2.64,2.638,2.661,2.798,2.923,9,39
2019-09-30,2.737,2.741,2.64,2.651,2.772,2.947,9,40
2019-10-07,2.742,2.737,2.741,2.638,2.71,2.984,10,41
2019-10-14,2.727,2.742,2.737,2.64,2.684,2.961,10,42
2019-10-21,2.735,2.727,2.742,2.741,2.661,2.925,10,43
2019-10-28,2.692,2.735,2.727,2.737,2.651,2.896,10,44
2019-11-04,2.702,2.692,2.735,2.742,2.638,2.84,11,45
2019-11-11,2.711,2.702,2.692,2.727,2.64,2.773,11,46
2019-11-18,2.688,2.711,2.702,2.735,2.741,2.7,11,47
2019-11-25,2.672,2.688,2.711,2.692,2.737,2.63,11,48
2019-12-02,2.667,2.672,2.688,2.702,2.742,2.544,12,49
2019-12-09,2.652,2.667,2.672,2.711,2.727,2.511,12,50
2019-12-16,2.627,2.652,2.667,2.688,2.735,2.46,12,51
2019-12-23,2.621,2.627,2.652,2.672,2.692,2.413,12,52
2019-12-30,2.658,2.621,2.627,2.667,2.702,2.358,12,1
2020-01-06,2.665,2.658,2.621,2.652,2.711,2.329,1,2
2020-01-13,2.657,2.665,2.658,2.627,2.688,2.338,1,3
2020-01-20,2.625,2.657,2.665,2.621,2.672,2.34,1,4
2020-01-27,2.595,2.625,2.657,2.658,2.667,2.343,1,5
2020-02-03,2.546,2.595,2.625,2.665,2.652,2.341,2,6
2020-02-10,2.511,2.546,2.595,2.657,2.627,2.361,2,7
2020-02-17,2.518,2.511,2.546,2.625,2.621,2.4,2,8
2020-02-24,2.555,2.518,2.511,2.595,2.658,2.471,2,9
2020-03-02,2.514,2.555,2.518,2.546,2.665,2.502,3,10
2020-03-09,2.468,2.514,2.555,2.511,2.657,2.549,3,11
2020-03-16,2.343,2.468,2.514,2.518,2.625,2.625,3,12
2020-03-23,2.217,2.343,2.468,2.555,2.595,2.701,3,13
2020-03-30,2.103,2.217,2.343,2.514,2.546,2.77,3,14
2020-04-06,2.022,2.103,2.217,2.468,2.511,2.826,4,15
2020-04-13,1.951,2.022,2.103,2.343,2.518,2.912,4,16
2020-04-20,1.91,1.951,2.022,2.217,2.555,2.926,4,17
2020-04-27,1.87,1.91,1.951,2.103,2.514,2.972,4,18
2020-05-04,1.883,1.87,1.91,2.022,2.468,2.983,5,19
2020-05-11,1.941,1.883,1.87,1.951,2.343,2.954,5,20
2020-05-18,1.969,1.941,1.883,1.91,2.217,2.939,5,21
2020-05-25,2.049,1.969,1.941,1.87,2.103,2.909,5,22
2020-06-01,2.064,2.049,1.969,1.883,2.022,2.893,6,23
2020-06-08,2.123,2.064,2.049,1.941,1.951,2.821,6,24
2020-06-15,2.185,2.123,2.064,1.969,1.91,2.759,6,25
2020-06-22,2.216,2.185,2.123,2.049,1.87,2.741,6,26
2020-06-29,2.26,2.216,2.185,2.064,1.883,2.798,6,27
2020-07-06,2.265,2.26,2.216,2.123,1.941,2.827,7,28
2020-07-13,2.283,2.265,2.26,2.185,1.969,2.86,7,29
2020-07-20,2.275,2.283,2.265,2.216,2.049,2.833,7,30
2020-07-27,2.265,2.275,2.283,2.26,2.064,2.798,7,31
2020-08-03,2.266,2.265,2.275,2.265,2.123,2.772,8,32
2020-08-10,2.256,2.266,2.265,2.283,2.185,2.71,8,33
2020-08-17,2.256,2.256,2.266,2.275,2.216,2.684,8,34
2020-08-24,2.272,2.256,2.256,2.265,2.26,2.661,8,35
2020-08-31,2.311,2.272,2.256,2.266,2.265,2.651,8,36
2020-09-07,2.302,2.311,2.272,2.256,2.283,2.638,9,37
2020-09-14,2.274,2.302,2.311,2.256,2.275,2.64,9,38
2020-09-21,2.259,2.274,2.302,2.272,2.265,2.741,9,39
2020-09-28,2.259,2.259,2.274,2.311,2.266,2.737,9,40
2020-10-05,2.262,2.259,2.259,2.302,2.256,2.742,10,41
2020-10-12,2.257,2.262,2.259,2.274,2.256,2.727,10,42
2020-10-19,2.24,2.257,2.262,2.259,2.272,2.735,10,43
2020-10-26,2.234,2.24,2.257,2.259,2.311,2.692,10,44
2020-11-02,2.204,2.234,2.24,2.262,2.302,2.702,11,45
2020-11-09,2.188,2.204,2.234,2.257,2.274,2.711,11,46
2020-11-16,2.202,2.188,2.204,2.24,2.259,2.688,11,47
2020-11-23,2.194,2.202,2.188,2.234,2.259,2.672,11,48
2020-11-30,2.211,2.194,2.202,2.204,2.262,2.667,11,49
2020-12-07,2.246,2.211,2.194,2.188,2.257,2.652,12,50
2020-12-14,2.247,2.246,2.211,2.202,2.24,2.627,12,51
2020-12-21,2.311,2.247,2.246,2.194,2.234,2.621,12,52
2020-12-28,2.33,2.311,2.247,2.211,2.204,2.658,12,53
2021-01-04,2.336,2.33,2.311,2.246,2.188,2.665,1,1
2021-01-11,2.403,2.336,2.33,2.247,2.202,2.657,1,2
2021-01-18,2.464,2.403,2.336,2.311,2.194,2.625,1,3
2021-01-25,2.478,2.464,2.403,2.33,2.211,2.595,1,4
2021-02-01,2.495,2.478,2.464,2.336,2.246,2.546,2,5
2021-02-08,2.548,2.495,2.478,2.403,2.247,2.511,2,6
2021-02-15,2.588,2.548,2.495,2.464,2.311,2.518,2,7
2021-02-22,2.717,2.588,2.548,2.478,2.33,2.555,2,8
2021-03-01,2.796,2.717,2.588,2.495,2.336,2.514,3,9
2021-03-08,2.857,2.796,2.717,2.548,2.403,2.468,3,10
2021-03-15,2.94,2.857,2.796,2.588,2.464,2.343,3,11
2021-03-22,2.954,2.94,2.857,2.717,2.478,2.217,3,12
2021-03-29,2.941,2.954,2.94,2.796,2.495,2.103,3,13
2021-04-05,2.945,2.941,2.954,2.857,2.548,2.022,4,14
2021-04-12,2.939,2.945,2.941,2.94,2.588,1.951,4,15
2021-04-19,2.945,2.939,2.945,2.954,2.717,1.91,4,16
2021-04-26,2.962,2.945,2.939,2.941,2.796,1.87,4,17
2021-05-03,2.981,2.962,2.945,2.945,2.857,1.883,5,18
2021-05-10,3.051,2.981,2.962,2.939,2.94,1.941,5,19
2021-05-17,3.118,3.051,2.981,2.945,2.954,1.969,5,20
2021-05-24,3.112,3.118,3.051,2.962,2.941,2.049,5,21
2021-05-31,3.119,3.112,3.118,2.981,2.945,2.064,5,22
2021-06-07,3.128,3.119,3.112,3.051,2.939,2.123,6,23
2021-06-14,3.161,3.128,3.119,3.118,2.945,2.185,6,24
2021-06-21,3.153,3.161,3.128,3.112,2.962,2.216,6,25
2021-06-28,3.185,3.153,3.161,3.119,2.981,2.26,6,26
2021-07-05,3.216,3.185,3.153,3.128,3.051,2.265,7,27
2021-07-12,3.227,3.216,3.185,3.161,3.118,2.283,7,28
2021-07-19,3.247,3.227,3.216,3.153,3.112,2.275,7,29
2021-07-26,3.232,3.247,3.227,3.185,3.119,2.265,7,30
2021-08-02,3.256,3.232,3.247,3.216,3.128,2.266,8,31
2021-08-09,3.269,3.256,3.232,3.227,3.161,2.256,8,32
2021-08-16,3.272,3.269,3.256,3.247,3.153,2.256,8,33
2021-08-23,3.243,3.272,3.269,3.232,3.185,2.272,8,34
2021-08-30,3.237,3.243,3.272,3.256,3.216,2.311,8,35
2021-09-06,3.273,3.237,3.243,3.269,3.227,2.302,9,36
2021-09-13,3.262,3.273,3.237,3.272,3.247,2.274,9,37
2021-09-20,3.28,3.262,3.273,3.243,3.232,2.259,9,38
2021-09-27,3.271,3.28,3.262,3.237,3.256,2.259,9,39
2021-10-04,3.285,3.271,3.28,3.273,3.269,2.262,10,40
2021-10-11,3.36,3.285,3.271,3.262,3.272,2.257,10,41
2021-10-18,3.416,3.36,3.285,3.28,3.243,2.24,10,42
2021-10-25,3.476,3.416,3.36,3.271,3.237,2.234,10,43
2021-11-01,3.484,3.476,3.416,3.285,3.273,2.204,11,44
2021-11-08,3.505,3.484,3.476,3.36,3.262,2.188,11,45
2021-11-15,3.495,3.505,3.484,3.416,3.28,2.202,11,46
2021-11-22,3.493,3.495,3.505,3.476,3.271,2.194,11,47
2021-11-29,3.478,3.493,3.495,3.484,3.285,2.211,11,48
2021-12-06,3.44,3.478,3.493,3.505,3.36,2.246,12,49
2021-12-13,3.414,3.44,3.478,3.495,3.416,2.247,12,50
2021-12-20,3.395,3.414,3.44,3.493,3.476,2.311,12,51
2021-12-27,3.375,3.395,3.414,3.478,3.484,2.33,12,52
2022-01-03,3.381,3.375,3.395,3.44,3.505,2.336,1,1
2022-01-10,3.394,3.381,3.375,3.414,3.495,2.403,1,2
2022-01-17,3.404,3.394,3.381,3.395,3.493,2.464,1,3
2022-01-24,3.421,3.404,3.394,3.375,3.478,2.478,1,4
2022-01-31,3.464,3.421,3.404,3.381,3.44,2.495,1,5
2022-02-07,3.538,3.464,3.421,3.394,3.414,2.548,2,6
2022-02-14,3.581,3.538,3.464,3.404,3.395,2.588,2,7
2022-02-21,3.624,3.581,3.538,3.421,3.375,2.717,2,8
2022-02-28,3.701,3.624,3.581,3.464,3.381,2.796,2,9
2022-03-07,4.196,3.701,3.624,3.538,3.394,2.857,3,10
2022-03-14,4.414,4.196,3.701,3.581,3.404,2.94,3,11
2022-03-21,4.343,4.414,4.196,3.624,3.421,2.954,3,12
2022-03-28,4.334,4.343,4.414,3.701,3.464,2.941,3,13
2022-04-04,4.274,4.334,4.343,4.196,3.538,2.945,4,14
2022-04-11,4.196,4.274,4.334,4.414,3.581,2.939,4,15
2022-04-18,4.17,4.196,4.274,4.343,3.624,2.945,4,16
2022-04-25,4.211,4.17,4.196,4.334,3.701,2.962,4,17
2022-05-02,4.285,4.211,4.17,4.274,4.196,2.981,5,18
2022-05-09,4.428,4.285,4.211,4.196,4.414,3.051,5,19
2022-05-16,4.591,4.428,4.285,4.17,4.343,3.118,5,20
2022-05-23,4.694,4.591,4.428,4.211,4.334,3.112,5,21
2022-05-30,4.727,4.694,4.591,4.285,4.274,3.119,5,22
2022-06-06,4.977,4.727,4.694,4.428,4.196,3.128,6,23
2022-06-13,5.107,4.977,4.727,4.591,4.17,3.161,6,24
2022-06-20,5.066,5.107,4.977,4.694,4.211,3.153,6,25
2022-06-27,4.979,5.066,5.107,4.727,4.285,3.185,6,26
2022-07-04,4.879,4.979,5.066,4.977,4.428,3.216,7,27
2022-07-11,4.754,4.879,4.979,5.107,4.591,3.227,7,28
2022-07-18,4.599,4.754,4.879,5.066,4.694,3.247,7,29
2022-07-25,4.44,4.599,4.754,4.979,4.727,3.232,7,30
2022-08-01,4.304,4.44,4.599,4.879,4.977,3.256,8,31
2022-08-08,4.151,4.304,4.44,4.754,5.107,3.269,8,32
2022-08-15,4.051,4.151,4.304,4.599,5.066,3.272,8,33
2022-08-22,3.993,4.051,4.151,4.44,4.979,3.243,8,34
2022-08-29,3.938,3.993,4.051,4.304,4.879,3.237,8,35
2022-09-05,3.859,3.938,3.993,4.151,4.754,3.273,9,36
2022-09-12,3.805,3.859,3.938,4.051,4.599,3.262,9,37
2022-09-19,3.771,3.805,3.859,3.993,4.44,3.28,9,38
2022-09-26,3.832,3.771,3.805,3.938,4.304,3.271,9,39
2022-10-03,3.909,3.832,3.771,3.859,4.151,3.285,10,40
2022-10-10,4.034,3.909,3.832,3.805,4.051,3.36,10,41
2022-10-17,3.99,4.034,3.909,3.771,3.993,3.416,10,42
2022-10-24,3.887,3.99,4.034,3.832,3.938,3.476,10,43
2022-10-31,3.857,3.887,3.99,3.909,3.859,3.484,10,44
2022-11-07,3.909,3.857,3.887,4.034,3.805,3.505,11,45
2022-11-14,3.876,3.909,3.857,3.99,3.771,3.495,11,46
2022-11-21,3.763,3.876,3.909,3.887,3.832,3.493,11,47
2022-11-28,3.649,3.763,3.876,3.857,3.909,3.478,11,48
2022-12-05,3.504,3.649,3.763,3.909,4.034,3.44,12,49
2022-12-12,3.353,3.504,3.649,3.876,3.99,3.414,12,50
2022-12-19,3.234,3.353,3.504,3.763,3.887,3.395,12,51
2022-12-26,3.203,3.234,3.353,3.649,3.857,3.375,12,52
2023-01-02,3.331,3.203,3.234,3.504,3.909,3.381,1,1
2023-01-09,3.366,3.331,3.203,3.353,3.876,3.394,1,2
2023-01-16,3.416,3.366,3.331,3.234,3.763,3.404,1,3
2023-01-23,3.519,3.416,3.366,3.203,3.649,3.421,1,4
2023-01-30,3.594,3.519,3.416,3.331,3.504,3.464,1,5
2023-02-06,3.552,3.594,3.519,3.366,3.353,3.538,2,6
2023-02-13,3.502,3.552,3.594,3.416,3.234,3.581,2,7
2023-02-20,3.494,3.502,3.552,3.519,3.203,3.624,2,8
2023-02-27,3.457,3.494,3.502,3.594,3.331,3.701,2,9
2023-03-06,3.505,3.457,3.494,3.552,3.366,4.196,3,10
2023-03-13,3.568,3.505,3.457,3.502,3.416,4.414,3,11
2023-03-20,3.534,3.568,3.505,3.494,3.519,4.343,3,12
2023-03-27,3.533,3.534,3.568,3.457,3.594,4.334,3,13
2023-04-03,3.606,3.533,3.534,3.505,3.552,4.274,4,14
2023-04-10,3.703,3.606,3.533,3.568,3.502,4.196,4,15
2023-04-17,3.769,3.703,3.606,3.534,3.494,4.17,4,16
2023-04-24,3.765,3.769,3.703,3.533,3.457,4.211,4,17
2023-05-01,3.711,3.765,3.769,3.606,3.505,4.285,5,18
2023-05-08,3.644,3.711,3.765,3.703,3.568,4.428,5,19
2023-05-15,3.647,3.644,3.711,3.769,3.534,4.591,5,20
2023-05-22,3.645,3.647,3.644,3.765,3.533,4.694,5,21
2023-05-29,3.684,3.645,3.647,3.711,3.606,4.727,5,22
2023-06-05,3.655,3.684,3.645,3.644,3.703,4.977,6,23
2023-06-12,3.707,3.655,3.684,3.647,3.769,5.107,6,24
2023-06-19,3.69,3.707,3.655,3.645,3.765,5.066,6,25
2023-06-26,3.685,3.69,3.707,3.684,3.711,4.979,6,26
2023-07-03,3.643,3.685,3.69,3.655,3.644,4.879,7,27
2023-07-10,3.663,3.643,3.685,3.707,3.647,4.754,7,28
2023-07-17,3.676,3.663,3.643,3.69,3.645,4.599,7,29
2023-07-24,3.711,3.676,3.663,3.685,3.684,4.44,7,30
2023-07-31,3.869,3.711,3.676,3.643,3.655,4.304,7,31
2023-08-07,3.94,3.869,3.711,3.663,3.707,4.151,8,32
2023-08-14,3.962,3.94,3.869,3.676,3.69,4.051,8,33
2023-08-21,3.984,3.962,3.94,3.711,3.685,3.993,8,34
2023-08-28,3.931,3.984,3.962,3.869,3.643,3.938,8,35
2023-09-04,3.925,3.931,3.984,3.94,3.663,3.859,9,36
2023-09-11,3.941,3.925,3.931,3.962,3.676,3.805,9,37
2023-09-18,4.001,3.941,3.925,3.984,3.711,3.771,9,38
2023-09-25,3.963,4.001,3.941,3.931,3.869,3.832,9,39
2023-10-02,3.93,3.963,4.001,3.925,3.94,3.909,10,40
2023-10-09,3.814,3.93,3.963,3.941,3.962,4.034,10,41
2023-10-16,3.706,3.814,3.93,4.001,3.984,3.99,10,42
2023-10-23,3.66,3.706,3.814,3.963,3.931,3.887,10,43
2023-10-30,3.6,3.66,3.706,3.93,3.925,3.857,10,44
2023-11-06,3.52,3.6,3.66,3.814,3.941,3.909,11,45
2023-11-13,3.473,3.52,3.6,3.706,4.001,3.876,11,46
2023-11-20,3.414,3.473,3.52,3.66,3.963,3.763,11,47
2023-11-27,3.363,3.414,3.473,3.6,3.93,3.649,11,48
2023-12-04,3.355,3.363,3.414,3.52,3.814,3.504,12,49
2023-12-11,3.259,3.355,3.363,3.473,3.706,3.353,12,50
2023-12-18,3.176,3.259,3.355,3.414,3.66,3.234,12,51
2023-12-25,3.238,3.176,3.259,3.363,3.6,3.203,12,52
2024-01-01,3.213,3.238,3.176,3.355,3.52,3.331,1,1
2024-01-08,3.197,3.213,3.238,3.259,3.473,3.366,1,2
2024-01-15,3.179,3.197,3.213,3.176,3.414,3.416,1,3
2024-01-22,3.181,3.179,3.197,3.238,3.363,3.519,1,4
2024-01-29,3.214,3.181,3.179,3.213,3.355,3.594,1,5
2024-02-05,3.254,3.214,3.181,3.197,3.259,3.552,2,6
2024-02-12,3.309,3.254,3.214,3.179,3.176,3.502,2,7
2024-02-19,3.385,3.309,3.254,3.181,3.238,3.494,2,8
2024-02-26,3.365,3.385,3.309,3.214,3.213,3.457,2,9
2024-03-04,3.466,3.365,3.385,3.254,3.197,3.505,3,10
2024-03-11,3.492,3.466,3.365,3.309,3.179,3.568,3,11
2024-03-18,3.569,3.492,3.466,3.385,3.181,3.534,3,12
2024-03-25,3.639,3.569,3.492,3.365,3.214,3.533,3,13
2024-04-01,3.636,3.639,3.569,3.466,3.254,3.606,4,14
2024-04-08,3.712,3.636,3.639,3.492,3.309,3.703,4,15
2024-04-15,3.751,3.712,3.636,3.569,3.385,3.769,4,16
2024-04-22,3.791,3.751,3.712,3.639,3.365,3.765,4,17
2024-04-29,3.777,3.791,3.751,3.636,3.466,3.711,4,18
2024-05-06,3.766,3.777,3.791,3.712,3.492,3.644,5,19
2024-05-13,3.731,3.766,3.777,3.751,3.569,3.647,5,20
2024-05-20,3.706,3.731,3.766,3.791,3.639,3.645,5,21
2024-05-27,3.698,3.706,3.731,3.777,3.636,3.684,5,22
2024-06-03,3.638,3.698,3.706,3.766,3.712,3.655,6,23
2024-06-10,3.551,3.638,3.698,3.731,3.751,3.707,6,24
2024-06-17,3.556,3.551,3.638,3.706,3.791,3.69,6,25
2024-06-24,3.557,3.556,3.551,3.698,3.777,3.685,6,26
2024-07-01,3.595,3.557,3.556,3.638,3.766,3.643,7,27
2024-07-08,3.608,3.595,3.557,3.551,3.731,3.663,7,28
2024-07-15,3.614,3.608,3.595,3.556,3.706,3.676,7,29
2024-07-22,3.587,3.614,3.608,3.557,3.698,3.711,7,30
2024-07-29,3.598,3.587,3.614,3.595,3.638,3.869,7,31
2024-08-05,3.563,3.598,3.587,3.608,3.551,3.94,8,32
2024-08-12,3.53,3.563,3.598,3.614,3.556,3.962,8,33
2024-08-19,3.5,3.53,3.563,3.587,3.557,3.984,8,34
2024-08-26,3.433,3.5,3.53,3.598,3.595,3.931,8,35
2024-09-02,3.411,3.433,3.5,3.563,3.608,3.925,9,36
2024-09-09,3.36,3.411,3.433,3.53,3.614,3.941,9,37
2024-09-16,3.307,3.36,3.411,3.5,3.587,4.001,9,38
2024-09-23,3.311,3.307,3.36,3.433,3.598,3.963,9,39
2024-09-30,3.303,3.311,3.307,3.411,3.563,3.93,9,40
2024-10-07,3.26,3.303,3.311,3.36,3.53,3.814,10,41
2024-10-14,3.294,3.26,3.303,3.307,3.5,3.706,10,42
2024-10-21,3.268,3.294,3.26,3.311,3.433,3.66,10,43
2024-10-28,3.22,3.268,3.294,3.303,3.411,3.6,10,44
2024-11-04,3.191,3.22,3.268,3.26,3.36,3.52,11,45
2024-11-11,3.176,3.191,3.22,3.294,3.307,3.473,11,46
2024-11-18,3.168,3.176,3.191,3.268,3.311,3.414,11,47
2024-11-25,3.166,3.168,3.176,3.22,3.303,3.363,11,48
2024-12-02,3.156,3.166,3.168,3.191,3.26,3.355,12,49
2024-12-09,3.131,3.156,3.166,3.176,3.294,3.259,12,50
2024-12-16,3.137,3.131,3.156,3.168,3.268,3.176,12,51
2024-12-23,3.145,3.137,3.131,3.166,3.22,3.238,12,52
2024-12-30,3.128,3.145,3.137,3.156,3.191,3.213,12,1
2025-01-06,3.168,3.128,3.145,3.131,3.176,3.197,1,2
2025-01-13,3.164,3.168,3.128,3.137,3.168,3.179,1,3
2025-01-20,3.229,3.164,3.168,3.145,3.166,3.181,1,4
2025-01-27,3.224,3.229,3.164,3.128,3.156,3.214,1,5
2025-02-03,3.205,3.224,3.229,3.168,3.131,3.254,2,6
2025-02-10,3.253,3.205,3.224,3.164,3.137,3.309,2,7
2025-02-17,3.276,3.253,3.205,3.229,3.145,3.385,2,8
2025-02-24,3.255,3.276,3.253,3.224,3.128,3.365,2,9
2025-03-03,3.206,3.255,3.276,3.205,3.168,3.466,3,10
2025-03-10,3.197,3.206,3.255,3.253,3.164,3.492,3,11
2025-03-17,3.184,3.197,3.206,3.276,3.229,3.569,3,12
2025-03-24,3.24,3.184,3.197,3.255,3.224,3.639,3,13
2025-03-31,3.288,3.24,3.184,3.206,3.205,3.636,3,14
2025-04-07,3.37,3.288,3.24,3.197,3.253,3.712,4,15
2025-04-14,3.295,3.37,3.288,3.184,3.276,3.751,4,16
2025-04-21,3.268,3.295,3.37,3.24,3.255,3.791,4,17
2025-04-28,3.261,3.268,3.295,3.288,3.206,3.777,4,18
2025-05-05,3.273,3.261,3.268,3.37,3.197,3.766,5,19
2025-05-12,3.249,3.273,3.261,3.295,3.184,3.731,5,20
2025-05-19,3.302,3.249,3.273,3.268,3.24,3.706,5,21
2025-05-26,3.288,3.302,3.249,3.261,3.288,3.698,5,22
2025-06-02,3.256,3.288,3.302,3.273,3.37,3.638,6,23
2025-06-09,3.235,3.256,3.288,3.249,3.295,3.551,6,24
2025-06-16,3.265,3.235,3.256,3.302,3.268,3.556,6,25
2025-06-23,3.338,3.265,3.235,3.288,3.261,3.557,6,26
2025-06-30,3.288,3.338,3.265,3.256,3.273,3.595,6,27
2025-07-07,3.251,3.288,3.338,3.235,3.249,3.608,7,28
2025-07-14,3.254,3.251,3.288,3.265,3.302,3.614,7,29
2025-07-21,3.246,3.254,3.251,3.338,3.288,3.587,7,30
2025-07-28,3.247,3.246,3.254,3.288,3.256,3.598,7,31
2025-08-04,3.265,3.247,3.246,3.251,3.235,3.563,8,32
2025-08-11,3.243,3.265,3.247,3.254,3.265,3.53,8,33
2025-08-18,3.251,3.243,3.265,3.246,3.338,3.5,8,34
2025-08-25,3.272,3.251,3.243,3.247,3.288,3.433,8,35
2025-09-01,3.303,3.272,3.251,3.265,3.251,3.411,9,36
2025-09-08,3.319,3.303,3.272,3.243,3.254,3.36,9,37
2025-09-15,3.296,3.319,3.303,3.251,3.246,3.307,9,38
2025-09-22,3.301,3.296,3.319,3.272,3.247,3.311,9,39
2025-09-29,3.248,3.301,3.296,3.303,3.265,3.303,9,40
2025-10-06,3.253,3.248,3.301,3.319,3.243,3.26,10,41
2025-10-13,3.193,3.253,3.248,3.296,3.251,3.294,10,42
2025-10-20,3.151,3.193,3.253,3.301,3.272,3.268,10,43
2025-10-27,3.164,3.151,3.193,3.248,3.303,3.22,10,44
2025-11-03,3.151,3.164,3.151,3.253,3.319,3.191,11,45
2025-11-10,3.186,3.151,3.164,3.193,3.296,3.176,11,46
2025-11-17,3.19,3.186,3.151,3.151,3.301,3.168,11,47
2025-11-24,3.19,3.19,3.186,3.164,3.248,3.166,11,48
2025-12-01,3.115,3.19,3.19,3.151,3.253,3.156,12,49
2025-12-08,3.07,3.115,3.19,3.186,3.193,3.131,12,50
2025-12-15,3.024,3.07,3.115,3.19,3.151,3.137,12,51
2025-12-22,2.97,3.024,3.07,3.19,3.164,3.145,12,52
2025-12-29,2.94,2.97,3.024,3.115,3.151,3.128,12,1
2026-01-05,2.925,2.94,2.97,3.07,3.186,3.168,1,2
2026-01-12,2.907,2.925,2.94,3.024,3.19,3.164,1,3
2026-01-19,2.933,2.907,2.925,2.97,3.19,3.229,1,4
2026-01-26,2.98,2.933,2.907,2.94,3.115,3.224,1,5
2026-02-02,2.995,2.98,2.933,2.925,3.07,3.205,2,6
2026-02-09,3.033,2.995,2.98,2.907,3.024,3.253,2,7
2026-02-16,3.057,3.033,2.995,2.933,2.97,3.276,2,8
2026-02-23,3.072,3.057,3.033,2.98,2.94,3.255,2,9
2026-03-02,3.148,3.072,3.057,2.995,2.925,3.206,3,10
2026-03-09,3.633,3.148,3.072,3.033,2.907,3.197,3,11
2026-03-16,3.854,3.633,3.148,3.057,2.933,3.184,3,12
2026-03-23,4.096,3.854,3.633,3.072,2.98,3.24,3,13
2026-03-30,4.126,4.096,3.854,3.148,2.995,3.288,3,14
2026-04-06,4.254,4.126,4.096,3.633,3.033,3.37,4,15
2026-04-13,4.254,4.254,4.126,3.854,3.057,3.295,4,16
2026-04-20,4.178,4.254,4.254,4.096,3.072,3.268,4,17
2026-04-27,4.257,4.178,4.254,4.126,3.148,3.261,4,18
2026-05-04,4.581,4.257,4.178,4.254,3.633,3.273,5,19
2026-05-11,4.628,4.581,4.257,4.254,3.854,3.249,5,20
2026-05-18,4.621,4.628,4.581,4.178,4.096,3.302,5,21
2026-05-25,4.605,4.621,4.628,4.257,4.126,3.288,5,22
