name,category,price,rating,review_count,name_length,page_text_length,high_interest,product_url
Billy Bookcase White,bookcases,79.0,4.6,3057,3,2395,1,https://www.ikea.com/us/en/p/billy-bookcase-white-20522046/
Billy Bookcase Black Oak Effect,bookcases,89.0,4.6,3057,5,2955,1,https://www.ikea.com/us/en/p/billy-bookcase-black-oak-effect-40477340/
Billy Bookcase Brown Walnut Effect,bookcases,89.0,4.6,3057,5,2988,1,https://www.ikea.com/us/en/p/billy-bookcase-brown-walnut-effect-50508652/
Billy Bookcase Oak Effect,bookcases,89.0,4.6,3057,4,2981,1,https://www.ikea.com/us/en/p/billy-bookcase-oak-effect-10508932/
Billy Bookcase Dark Brown Oak Effect,bookcases,89.0,4.6,3057,6,2968,1,https://www.ikea.com/us/en/p/billy-bookcase-dark-brown-oak-effect-80492782/
Billy Bookcase White,bookcases,49.0,4.7,2184,3,1739,1,https://www.ikea.com/us/en/p/billy-bookcase-white-50522040/
Billy Bookcase Black Oak Effect,bookcases,59.0,4.7,2184,5,2309,1,https://www.ikea.com/us/en/p/billy-bookcase-black-oak-effect-70477334/
Billy Bookcase Brown Walnut Effect,bookcases,59.0,4.7,2184,5,2325,1,https://www.ikea.com/us/en/p/billy-bookcase-brown-walnut-effect-80508641/
Billy Bookcase Oak Effect,bookcases,59.0,4.7,2184,4,2318,1,https://www.ikea.com/us/en/p/billy-bookcase-oak-effect-60477382/
Billy Bookcase Dark Brown Oak Effect,bookcases,59.0,4.7,2184,6,2312,1,https://www.ikea.com/us/en/p/billy-bookcase-dark-brown-oak-effect-60492778/
Billy Bookcase Blue,bookcases,59.0,4.7,2184,3,1667,1,https://www.ikea.com/us/en/p/billy-bookcase-blue-40594928/
Billy Bookcase White,bookcases,49.0,4.6,1402,3,1622,1,https://www.ikea.com/us/en/p/billy-bookcase-white-90522043/
Billy Bookcase Brown Walnut Effect,bookcases,59.0,4.6,1402,5,2263,1,https://www.ikea.com/us/en/p/billy-bookcase-brown-walnut-effect-30508648/
Billy Bookcase Black Oak Effect,bookcases,59.0,4.6,1402,5,2215,1,https://www.ikea.com/us/en/p/billy-bookcase-black-oak-effect-00477337/
Billy Bookcase Oak Effect,bookcases,59.0,4.6,1402,4,2254,1,https://www.ikea.com/us/en/p/billy-bookcase-oak-effect-90477385/
Billy Bookcase Dark Brown Oak Effect,bookcases,59.0,4.6,1402,6,2234,1,https://www.ikea.com/us/en/p/billy-bookcase-dark-brown-oak-effect-40492779/
Brimnes Bookcase White,bookcases,149.0,4.7,1192,3,1548,1,https://www.ikea.com/us/en/p/brimnes-bookcase-white-90301225/
Brimnes Bookcase Black,bookcases,149.0,4.7,1192,3,1550,1,https://www.ikea.com/us/en/p/brimnes-bookcase-black-40301223/
Billy Bookcase Combination Crn Solution White S49581511,bookcases,160.0,3.9,89,7,1700,0,https://www.ikea.com/us/en/p/billy-bookcase-combination-crn-solution-white-s49581511/
Baggebo Bookcase White,bookcases,32.99,4.6,708,3,1624,1,https://www.ikea.com/us/en/p/baggebo-bookcase-white-20436713/
Billy Bookcase White S89581514,bookcases,158.0,4.7,948,4,1557,1,https://www.ikea.com/us/en/p/billy-bookcase-white-s89581514/
Billy Bookcase Combination Brown Walnut Effect S99581815,bookcases,178.0,4.7,947,7,1561,1,https://www.ikea.com/us/en/p/billy-bookcase-combination-brown-walnut-effect-s99581815/
Billy Bookcase Combination Dark Brown Oak Effect S79581816,bookcases,178.0,4.7,948,8,1564,1,https://www.ikea.com/us/en/p/billy-bookcase-combination-dark-brown-oak-effect-s79581816/
Billy Bookcase Combination Oak Effect S59581817,bookcases,178.0,4.7,948,6,1561,1,https://www.ikea.com/us/en/p/billy-bookcase-combination-oak-effect-s59581817/
Billy Bookcase With Height Extension Unit White S59638673,bookcases,109.0,4.6,291,8,984,1,https://www.ikea.com/us/en/p/billy-bookcase-with-height-extension-unit-white-s59638673/
Billy Bookcase With Height Extension Unit Brown Walnut Effect S39581880,bookcases,124.0,4.6,291,10,970,1,https://www.ikea.com/us/en/p/billy-bookcase-with-height-extension-unit-brown-walnut-effect-s39581880/
Billy Bookcase With Height Extension Unit Dark Brown Oak Effect S29581885,bookcases,124.0,4.6,291,11,974,1,https://www.ikea.com/us/en/p/billy-bookcase-with-height-extension-unit-dark-brown-oak-effect-s29581885/
Billy Bookcase With Height Extension Unit Oak Effect S89581887,bookcases,124.0,4.6,291,9,965,1,https://www.ikea.com/us/en/p/billy-bookcase-with-height-extension-unit-oak-effect-s89581887/
Billy Oxberg Bookcase With Doors White S39581494,bookcases,139.0,4.6,353,7,1339,1,https://www.ikea.com/us/en/p/billy-oxberg-bookcase-with-doors-white-s39581494/
Billy Oxberg Bookcase With Doors Brown Walnut Effect S49483365,bookcases,159.0,4.6,353,9,1785,1,https://www.ikea.com/us/en/p/billy-oxberg-bookcase-with-doors-brown-walnut-effect-s49483365/
Billy Oxberg Bookcase With Doors Black Oak Effect S79483364,bookcases,159.0,4.6,353,9,1785,1,https://www.ikea.com/us/en/p/billy-oxberg-bookcase-with-doors-black-oak-effect-s79483364/
Billy Oxberg Bookcase With Doors Oak Effect S09483367,bookcases,159.0,4.6,353,8,1782,1,https://www.ikea.com/us/en/p/billy-oxberg-bookcase-with-doors-oak-effect-s09483367/
Billy Oxberg Bookcase With Doors Dark Brown Oak Effect S29483366,bookcases,159.0,4.6,353,10,1781,1,https://www.ikea.com/us/en/p/billy-oxberg-bookcase-with-doors-dark-brown-oak-effect-s29483366/
Billy Bookcase With Glass Doors Dark Blue,bookcases,199.0,4.7,343,7,2134,1,https://www.ikea.com/us/en/p/billy-bookcase-with-glass-doors-dark-blue-20323805/
Billy Bookcase Combination Oak Effect S59581822,bookcases,177.0,4.5,161,6,1727,0,https://www.ikea.com/us/en/p/billy-bookcase-combination-oak-effect-s59581822/
Billy Bookcase Combination White S19581517,bookcases,147.0,4.5,161,5,1777,0,https://www.ikea.com/us/en/p/billy-bookcase-combination-white-s19581517/
Billy Bookcase Combination Dark Brown Oak Effect S79581821,bookcases,177.0,4.5,161,8,1759,0,https://www.ikea.com/us/en/p/billy-bookcase-combination-dark-brown-oak-effect-s79581821/
Billy Bookcase Combination Brown Walnut Effect S99581820,bookcases,177.0,4.5,161,7,1731,0,https://www.ikea.com/us/en/p/billy-bookcase-combination-brown-walnut-effect-s99581820/
Hemnes Bookcase Black Brown Light Brown,bookcases,229.0,4.1,1304,6,2417,1,https://www.ikea.com/us/en/p/hemnes-bookcase-black-brown-light-brown-20452294/
Hemnes Bookcase White Stain,bookcases,189.0,4.1,1304,4,2416,1,https://www.ikea.com/us/en/p/hemnes-bookcase-white-stain-90371765/
Hemnes Bookcase White Stain Light Brown,bookcases,229.0,4.1,1304,6,2442,1,https://www.ikea.com/us/en/p/hemnes-bookcase-white-stain-light-brown-60413502/
Hemnes Bookcase Black Brown,bookcases,229.0,4.1,1304,4,2406,1,https://www.ikea.com/us/en/p/hemnes-bookcase-black-brown-20371764/
Hemnes Bookcase Gray Green Light Brown Stained,bookcases,329.0,4.1,1304,7,2318,1,https://www.ikea.com/us/en/p/hemnes-bookcase-gray-green-light-brown-stained-40596159/
Gersby Bookcase White,bookcases,59.0,4.6,1585,3,1878,1,https://www.ikea.com/us/en/p/gersby-bookcase-white-70261131/
Billy Bookcase With Height Extension Unit Brown Walnut Effect S09581891,bookcases,89.0,4.7,262,10,1192,1,https://www.ikea.com/us/en/p/billy-bookcase-with-height-extension-unit-brown-walnut-effect-s09581891/
Billy Bookcase White S89581509,bookcases,74.0,4.7,262,4,1184,1,https://www.ikea.com/us/en/p/billy-bookcase-white-s89581509/
Billy Bookcase With Height Extension Unit Dark Brown Oak Effect S99581882,bookcases,89.0,4.7,262,11,1208,1,https://www.ikea.com/us/en/p/billy-bookcase-with-height-extension-unit-dark-brown-oak-effect-s99581882/
Billy Bookcase With Height Extension Unit Oak Effect S59581884,bookcases,89.0,4.7,262,9,1187,1,https://www.ikea.com/us/en/p/billy-bookcase-with-height-extension-unit-oak-effect-s59581884/
Baggebo Bookcase White,bookcases,24.99,4.6,95,3,1283,0,https://www.ikea.com/us/en/p/baggebo-bookcase-white-70481171/
Billy Bookcase White,bookcases,39.0,4.7,904,3,1502,1,https://www.ikea.com/us/en/p/billy-bookcase-white-10522037/
Billy Bookcase Birch Effect,bookcases,49.0,4.7,904,4,1993,1,https://www.ikea.com/us/en/p/billy-bookcase-birch-effect-20495830/
Billy Bookcase Brown Walnut Effect,bookcases,49.0,4.7,904,5,1994,1,https://www.ikea.com/us/en/p/billy-bookcase-brown-walnut-effect-10508625/
Billy Bookcase Black Oak Effect,bookcases,49.0,4.7,904,5,1994,1,https://www.ikea.com/us/en/p/billy-bookcase-black-oak-effect-30477331/
Billy Bookcase Oak Effect,bookcases,49.0,4.7,904,4,1989,1,https://www.ikea.com/us/en/p/billy-bookcase-oak-effect-20477379/
Billy Bookcase Dark Brown Oak Effect,bookcases,49.0,4.7,904,6,1993,1,https://www.ikea.com/us/en/p/billy-bookcase-dark-brown-oak-effect-00492757/
Laiva Bookcase Black Brown,bookcases,39.99,4.5,1423,4,1741,1,https://www.ikea.com/us/en/p/laiva-bookcase-black-brown-40178591/
Billy Bookcase White S59581515,bookcases,292.0,4.6,139,4,1277,0,https://www.ikea.com/us/en/p/billy-bookcase-white-s59581515/
Billy Bookcase Comb W Extension Units Brown Walnut Effect S29483535,bookcases,337.0,4.6,140,10,1636,0,https://www.ikea.com/us/en/p/billy-bookcase-comb-w-extension-units-brown-walnut-effect-s29483535/
Billy Bookcase Comb W Extension Units Black Oak Effect S59483534,bookcases,337.0,4.6,139,10,1636,0,https://www.ikea.com/us/en/p/billy-bookcase-comb-w-extension-units-black-oak-effect-s59483534/
Billy Bookcase Comb W Extension Units Dark Brown Oak Effect S09483536,bookcases,337.0,4.6,140,11,1625,0,https://www.ikea.com/us/en/p/billy-bookcase-comb-w-extension-units-dark-brown-oak-effect-s09483536/
Billy Bookcase Comb W Extension Units Oak Effect S89483537,bookcases,337.0,4.6,139,9,1631,0,https://www.ikea.com/us/en/p/billy-bookcase-comb-w-extension-units-oak-effect-s89483537/
Mittplan Desk With Add On Unit White,tables_desks,249.99,0.0,0,7,733,0,https://www.ikea.com/us/en/p/mittplan-desk-with-add-on-unit-white-30630776/
Centerhalv Office Chair Black,tables_desks,199.99,5.0,2,4,1017,0,https://www.ikea.com/us/en/p/centerhalv-office-chair-black-10601124/
Bollsidan Desk Sit Stand Electric White,tables_desks,299.99,3.5,19,6,1482,0,https://www.ikea.com/us/en/p/bollsidan-desk-sit-stand-electric-white-90609814/
Markus Office Chair Vissle Dark Gray,tables_desks,329.99,4.5,50,6,1536,0,https://www.ikea.com/us/en/p/markus-office-chair-vissle-dark-gray-50588804/
Trotten Desk Sit Stand Beige White S89434127,tables_desks,249.99,4.6,505,7,2608,1,https://www.ikea.com/us/en/p/trotten-desk-sit-stand-beige-white-s89434127/
Langfjaell Conference Chair With Armrests Gunnared Beige White S89252768,tables_desks,279.99,4.3,166,9,1798,0,https://www.ikea.com/us/en/p/langfjaell-conference-chair-with-armrests-gunnared-beige-white-s89252768/
Micke Desk Black Brown,tables_desks,99.99,4.5,2186,4,1940,1,https://www.ikea.com/us/en/p/micke-desk-black-brown-60244745/
Renberget Swivel Chair Bomstad Black,tables_desks,89.99,4.4,1142,5,1208,1,https://www.ikea.com/us/en/p/renberget-swivel-chair-bomstad-black-40611094/
Langfjaell Conference Chair Gunnared Dark Gray White S79252387,tables_desks,249.99,4.4,518,8,2123,1,https://www.ikea.com/us/en/p/langfjaell-conference-chair-gunnared-dark-gray-white-s79252387/
Groenfjaell Office Chair With Armrests Letafors Gray Black,tables_desks,449.99,3.4,53,8,1302,0,https://www.ikea.com/us/en/p/groenfjaell-office-chair-with-armrests-letafors-gray-black-00503478/
Laektare Conference Chair Medium Gray Black S89503267,tables_desks,119.99,4.6,8,7,1535,0,https://www.ikea.com/us/en/p/laektare-conference-chair-medium-gray-black-s89503267/
Groenfjaell Office Chair With Arm Headrest Letafors Gray Black S69513917,tables_desks,529.99,3.8,53,10,1582,0,https://www.ikea.com/us/en/p/groenfjaell-office-chair-with-arm-headrest-letafors-gray-black-s69513917/
Glostad Sofa Knisa Dark Gray,sofas,199.0,3.9,62,5,1984,0,https://www.ikea.com/us/en/p/glostad-sofa-knisa-dark-gray-40595942/
Glostad Sofa With Chaise Knisa Dark Gray S69578602,sofas,249.0,3.5,32,8,1157,0,https://www.ikea.com/us/en/p/glostad-sofa-with-chaise-knisa-dark-gray-s69578602/
Stockholm 2025 Sofa Sundhamn Beige,sofas,1799.0,4.4,83,5,1948,0,https://www.ikea.com/us/en/p/stockholm-2025-sofa-sundhamn-beige-00586096/
Uppland Sofa Hakebo Dark Gray S59442478,sofas,849.0,3.7,186,6,2386,1,https://www.ikea.com/us/en/p/uppland-sofa-hakebo-dark-gray-s59442478/
Uppland Sofa Blekinge White S19384116,sofas,899.0,3.7,186,5,2516,1,https://www.ikea.com/us/en/p/uppland-sofa-blekinge-white-s19384116/
Uppland Sofa Kilanda Light Beige S39442484,sofas,899.0,3.7,186,6,2400,1,https://www.ikea.com/us/en/p/uppland-sofa-kilanda-light-beige-s39442484/
Uppland Sofa Kelinge Beige S79499968,sofas,949.0,3.7,186,5,2384,1,https://www.ikea.com/us/en/p/uppland-sofa-kelinge-beige-s79499968/
Uppland Sofa Hakebo Gray Green S19442480,sofas,849.0,3.7,186,6,2383,1,https://www.ikea.com/us/en/p/uppland-sofa-hakebo-gray-green-s19442480/
Uppland Sofa Kilanda Dark Blue S79442482,sofas,899.0,3.7,186,6,2400,1,https://www.ikea.com/us/en/p/uppland-sofa-kilanda-dark-blue-s79442482/
Uppland Sofa Kelinge Rust S39499970,sofas,949.0,3.7,186,5,2384,1,https://www.ikea.com/us/en/p/uppland-sofa-kelinge-rust-s39499970/
Klippan Loveseat Tingetorp Yellow White Floral Pattern S69589993,sofas,329.0,4.0,268,8,1917,1,https://www.ikea.com/us/en/p/klippan-loveseat-tingetorp-yellow-white-floral-pattern-s69589993/
Klippan Loveseat Vissle Gray S09010617,sofas,299.0,4.0,268,5,2018,1,https://www.ikea.com/us/en/p/klippan-loveseat-vissle-gray-s09010617/
Klippan Loveseat Vissle Green S09561666,sofas,299.0,4.0,268,5,2036,1,https://www.ikea.com/us/en/p/klippan-loveseat-vissle-green-s09561666/
Klippan Loveseat Langban Bright Yellow S39564277,sofas,349.0,4.0,268,6,2202,1,https://www.ikea.com/us/en/p/klippan-loveseat-langban-bright-yellow-s39564277/
Kivik Sectional 4 Seat With Chaise Tibbleby Beige Gray S89440581,sofas,1249.0,3.9,148,10,2976,0,https://www.ikea.com/us/en/p/kivik-sectional-4-seat-with-chaise-tibbleby-beige-gray-s89440581/
Kivik Sectional 4 Seat With Chaise Tresund Anthracite S69494382,sofas,1399.0,3.9,148,9,2971,0,https://www.ikea.com/us/en/p/kivik-sectional-4-seat-with-chaise-tresund-anthracite-s69494382/
Kivik Sectional 4 Seat With Chaise Tresund Light Beige S79494391,sofas,1399.0,3.9,148,10,2981,0,https://www.ikea.com/us/en/p/kivik-sectional-4-seat-with-chaise-tresund-light-beige-s79494391/
Kivik Sectional 4 Seat With Chaise Kelinge Gray Turquoise S49443063,sofas,1299.0,3.9,148,10,2981,0,https://www.ikea.com/us/en/p/kivik-sectional-4-seat-with-chaise-kelinge-gray-turquoise-s49443063/
Kivik Sectional 4 Seat With Chaise Gunnared Beige S59499714,sofas,1399.0,3.9,148,9,3023,0,https://www.ikea.com/us/en/p/kivik-sectional-4-seat-with-chaise-gunnared-beige-s59499714/
Kivik Sectional 4 Seat With Chaise Gunnared Blue S29499715,sofas,1399.0,3.9,148,9,3016,0,https://www.ikea.com/us/en/p/kivik-sectional-4-seat-with-chaise-gunnared-blue-s29499715/
Kivik Sectional 4 Seat With Chaise Tallmyra Dark Green S09499721,sofas,1499.0,3.9,148,10,3014,0,https://www.ikea.com/us/en/p/kivik-sectional-4-seat-with-chaise-tallmyra-dark-green-s09499721/
Finnala Sofa Gunnared Beige S19319060,sofas,1019.0,3.8,41,5,2757,0,https://www.ikea.com/us/en/p/finnala-sofa-gunnared-beige-s19319060/
Finnala Sofa Tallmyra Black Gray S49319068,sofas,999.0,3.8,41,6,2853,0,https://www.ikea.com/us/en/p/finnala-sofa-tallmyra-black-gray-s49319068/
Finnala Sofa Gunnared Medium Gray S79319062,sofas,1019.0,3.8,41,6,2766,0,https://www.ikea.com/us/en/p/finnala-sofa-gunnared-medium-gray-s79319062/
Kivik Sofa Tresund Light Beige S19482838,sofas,899.0,4.1,507,6,3031,1,https://www.ikea.com/us/en/p/kivik-sofa-tresund-light-beige-s19482838/
Kivik Sofa Tibbleby Beige Gray S39440593,sofas,799.0,4.1,507,6,3002,1,https://www.ikea.com/us/en/p/kivik-sofa-tibbleby-beige-gray-s39440593/
Kivik Sofa Kelinge Gray Turquoise S59443053,sofas,849.0,4.1,507,6,3001,1,https://www.ikea.com/us/en/p/kivik-sofa-kelinge-gray-turquoise-s59443053/
Kivik Sofa Gunnared Beige S89499703,sofas,899.0,4.1,507,5,3049,1,https://www.ikea.com/us/en/p/kivik-sofa-gunnared-beige-s89499703/
Kivik Sofa Tresund Anthracite S39482837,sofas,899.0,4.1,507,5,3003,1,https://www.ikea.com/us/en/p/kivik-sofa-tresund-anthracite-s39482837/
Kivik Sofa Tallmyra Dark Green S39499710,sofas,949.0,4.1,507,6,3043,1,https://www.ikea.com/us/en/p/kivik-sofa-tallmyra-dark-green-s39499710/
Kivik Sofa Gunnared Blue S69499704,sofas,899.0,4.1,507,5,3049,1,https://www.ikea.com/us/en/p/kivik-sofa-gunnared-blue-s69499704/
Hyltarp Sofa Gransel Natural S69489639,sofas,1199.0,4.2,132,5,3148,0,https://www.ikea.com/us/en/p/hyltarp-sofa-gransel-natural-s69489639/
Hyltarp Sofa Hallarp White S39489645,sofas,1149.0,4.2,132,5,3124,0,https://www.ikea.com/us/en/p/hyltarp-sofa-hallarp-white-s39489645/
Hyltarp Sofa Hemmesta Light Beige S59514941,sofas,1249.0,4.2,132,6,3131,0,https://www.ikea.com/us/en/p/hyltarp-sofa-hemmesta-light-beige-s59514941/
Hyltarp Sofa Tallmyra Dark Green S29514952,sofas,1249.0,4.2,132,6,3131,0,https://www.ikea.com/us/en/p/hyltarp-sofa-tallmyra-dark-green-s29514952/
Hyltarp Sofa Tallmyra Blue S49514946,sofas,1249.0,4.2,132,5,3128,0,https://www.ikea.com/us/en/p/hyltarp-sofa-tallmyra-blue-s49514946/
Hyltarp Sofa Kilanda Pale Blue S19489651,sofas,1149.0,4.2,132,6,3135,0,https://www.ikea.com/us/en/p/hyltarp-sofa-kilanda-pale-blue-s19489651/
Hyltarp Sofa Gransel Gray S89514930,sofas,1199.0,4.2,132,5,3149,0,https://www.ikea.com/us/en/p/hyltarp-sofa-gransel-gray-s89514930/
Kivik Sofa Grann Bomstad Black,sofas,1299.0,4.3,61,5,2159,0,https://www.ikea.com/us/en/p/kivik-sofa-grann-bomstad-black-80519531/
Saltsjoebaden 3 Seat Sofa Tonerud Gray S89579196,sofas,549.0,4.6,22,7,1925,0,https://www.ikea.com/us/en/p/saltsjoebaden-3-seat-sofa-tonerud-gray-s89579196/
Saltsjoebaden 3 Seat Sofa Tonerud Gray S29627529,sofas,549.0,4.6,22,7,2030,0,https://www.ikea.com/us/en/p/saltsjoebaden-3-seat-sofa-tonerud-gray-s29627529/
Saltsjoebaden 3 Seat Sofa Blekinge White S79579192,sofas,499.0,4.6,22,7,1938,0,https://www.ikea.com/us/en/p/saltsjoebaden-3-seat-sofa-blekinge-white-s79579192/
Saltsjoebaden 3 Seat Sofa Fridtuna Light Beige S59599935,sofas,599.0,4.6,22,8,1962,0,https://www.ikea.com/us/en/p/saltsjoebaden-3-seat-sofa-fridtuna-light-beige-s59599935/
Saltsjoebaden 3 Seat Sofa Tonerud Gray S19622565,sofas,549.0,4.7,23,7,1934,0,https://www.ikea.com/us/en/p/saltsjoebaden-3-seat-sofa-tonerud-gray-s19622565/
Saltsjoebaden 3 Seat Sofa Tonerud Red Brown S49627533,sofas,549.0,4.7,23,8,1960,0,https://www.ikea.com/us/en/p/saltsjoebaden-3-seat-sofa-tonerud-red-brown-s49627533/
Saltsjoebaden 3 Seat Sofa Fridtuna Light Beige S49627509,sofas,599.0,4.7,23,8,2012,0,https://www.ikea.com/us/en/p/saltsjoebaden-3-seat-sofa-fridtuna-light-beige-s49627509/
Glostad Loveseat Knisa Dark Gray,sofas,169.0,4.5,609,5,2515,1,https://www.ikea.com/us/en/p/glostad-loveseat-knisa-dark-gray-70489011/
Morabo Sofa Gunnared Dark Gray Wood S89318321,sofas,799.0,4.1,168,7,2560,0,https://www.ikea.com/us/en/p/morabo-sofa-gunnared-dark-gray-wood-s89318321/
Morabo Sofa Gunnared Light Green Wood S09318339,sofas,799.0,4.1,168,7,2558,0,https://www.ikea.com/us/en/p/morabo-sofa-gunnared-light-green-wood-s09318339/
Morabo Sofa Gunnared Dark Gray Metal S09318320,sofas,799.0,4.1,168,7,2560,0,https://www.ikea.com/us/en/p/morabo-sofa-gunnared-dark-gray-metal-s09318320/
Morabo Sofa Djuparp Dark Blue Wood S19416508,sofas,699.0,4.1,168,7,2809,0,https://www.ikea.com/us/en/p/morabo-sofa-djuparp-dark-blue-wood-s19416508/
Morabo Sofa Gunnared Light Green Metal S29318338,sofas,799.0,4.1,168,7,2557,0,https://www.ikea.com/us/en/p/morabo-sofa-gunnared-light-green-metal-s29318338/
Morabo Sofa Djuparp Dark Blue Metal S39416507,sofas,699.0,4.1,168,7,2808,0,https://www.ikea.com/us/en/p/morabo-sofa-djuparp-dark-blue-metal-s39416507/
Linanaes Sofa With Chaise Vissle Dark Gray,sofas,499.0,3.1,110,7,2320,0,https://www.ikea.com/us/en/p/linanaes-sofa-with-chaise-vissle-dark-gray-70512243/
Linanaes Sofa With Chaise Vissle Beige,sofas,499.0,3.0,116,6,2318,0,https://www.ikea.com/us/en/p/linanaes-sofa-with-chaise-vissle-beige-60512234/
Friheten Klagshamn Sleeper Sectional 3 Seat W Storage Faringe Light Gray S49520240,sofas,1099.0,4.4,272,12,1873,1,https://www.ikea.com/us/en/p/friheten-klagshamn-sleeper-sectional-3-seat-w-storage-faringe-light-gray-s49520240/
Friheten Klagshamn Sleeper Sectional 3 Seat W Storage Skiftebo Dark Gray S29580739,sofas,1099.0,4.4,272,12,1906,1,https://www.ikea.com/us/en/p/friheten-klagshamn-sleeper-sectional-3-seat-w-storage-skiftebo-dark-gray-s29580739/
Friheten Klagshamn Sleeper Sectional 3 Seat W Storage Faringe Brown Orange S19520246,sofas,1099.0,4.4,272,12,1880,1,https://www.ikea.com/us/en/p/friheten-klagshamn-sleeper-sectional-3-seat-w-storage-faringe-brown-orange-s19520246/
Klippan Loveseat Bomstad Black,sofas,449.0,4.2,174,4,1886,1,https://www.ikea.com/us/en/p/klippan-loveseat-bomstad-black-50399318/
Saltmyran Sofa Oereryd Gray Beige,sofas,399.0,4.5,11,5,1105,0,https://www.ikea.com/us/en/p/saltmyran-sofa-oereryd-gray-beige-50618518/
Saltmyran Sofa Oereryd Blue,sofas,399.0,4.5,11,4,1110,0,https://www.ikea.com/us/en/p/saltmyran-sofa-oereryd-blue-70618522/
Saltsjoebaden Sofa With Chaise Tonerud Gray S19579208,sofas,749.0,4.5,10,7,1455,0,https://www.ikea.com/us/en/p/saltsjoebaden-sofa-with-chaise-tonerud-gray-s19579208/
Slattum Upholstered Bed Frame Vissle Dark Gray,beds,149.0,4.2,469,7,2100,1,https://www.ikea.com/us/en/p/slattum-upholstered-bed-frame-vissle-dark-gray-70571256/
Malm High Bed Frame 2 Storage Boxes Dark Brown Veneer Luroey S79574378,beds,399.0,4.1,941,12,2588,1,https://www.ikea.com/us/en/p/malm-high-bed-frame-2-storage-boxes-dark-brown-veneer-luroey-s79574378/
Ramnefjaell Upholstered Bed Frame Kilanda Light Beige Luroey S29560208,beds,299.0,4.3,198,9,2784,1,https://www.ikea.com/us/en/p/ramnefjaell-upholstered-bed-frame-kilanda-light-beige-luroey-s29560208/
Neiden Bed Frame Pine Luroey S79248606,beds,99.0,3.9,791,6,2283,1,https://www.ikea.com/us/en/p/neiden-bed-frame-pine-luroey-s79248606/
Tarva Bed Frame Pine Luroey S29007794,beds,179.0,4.0,760,6,2525,1,https://www.ikea.com/us/en/p/tarva-bed-frame-pine-luroey-s29007794/
Songesand Bed Frame Brown Luroey S59241069,beds,299.0,4.1,817,6,2561,1,https://www.ikea.com/us/en/p/songesand-bed-frame-brown-luroey-s59241069/
Stjaernoe Bed Frame Anthracite,beds,199.0,4.6,103,4,1874,0,https://www.ikea.com/us/en/p/stjaernoe-bed-frame-anthracite-40570183/
Brimnes Bed Frame With Storage Headboard Black Luroey S49129600,beds,499.0,4.2,1164,9,2747,1,https://www.ikea.com/us/en/p/brimnes-bed-frame-with-storage-headboard-black-luroey-s49129600/
Malm Bed Frame Dark Brown Veneer Luroey S49574365,beds,299.0,4.0,1415,8,2125,1,https://www.ikea.com/us/en/p/malm-bed-frame-dark-brown-veneer-luroey-s49574365/
Vihals Bed Frame White,beds,129.0,3.4,104,4,1372,0,https://www.ikea.com/us/en/p/vihals-bed-frame-white-20602458/
Radmansoe Bed Frame Brown Walnut Effect Luroey S29598635,beds,259.0,3.8,15,8,1649,0,https://www.ikea.com/us/en/p/radmansoe-bed-frame-brown-walnut-effect-luroey-s29598635/
Vihals Bed Frame With 2 Storage Boxes White Luroey S09581985,beds,209.0,3.1,26,10,1160,0,https://www.ikea.com/us/en/p/vihals-bed-frame-with-2-storage-boxes-white-luroey-s09581985/
Mandal Bed Frame With Storage Birch White,beds,549.0,4.4,199,7,1802,1,https://www.ikea.com/us/en/p/mandal-bed-frame-with-storage-birch-white-30280481/
Gladstad Upholstered Bed Frame Kabusa Light Gray,beds,249.0,3.8,135,7,1800,0,https://www.ikea.com/us/en/p/gladstad-upholstered-bed-frame-kabusa-light-gray-00490466/
Vevelstad Bed Frame White,beds,149.0,4.4,261,4,1720,1,https://www.ikea.com/us/en/p/vevelstad-bed-frame-white-50506436/
Songesand Bed Frame With 2 Storage Boxes White Luroey S99241265,beds,299.0,4.1,528,10,2057,1,https://www.ikea.com/us/en/p/songesand-bed-frame-with-2-storage-boxes-white-luroey-s99241265/
Mandal Bed Frame With Headboard Birch White S89094948,beds,799.0,4.6,65,8,1100,0,https://www.ikea.com/us/en/p/mandal-bed-frame-with-headboard-birch-white-s89094948/
Neiden Bed Frame Pine Luroey S59248607,beds,79.0,4.1,853,6,2009,1,https://www.ikea.com/us/en/p/neiden-bed-frame-pine-luroey-s59248607/
Kleppstad Bed Frame White Vissle Beige,beds,199.0,4.5,310,6,2013,1,https://www.ikea.com/us/en/p/kleppstad-bed-frame-white-vissle-beige-00492682/
Hemnes Bed Frame White Stain Luroey S69007848,beds,479.0,3.1,762,7,2838,1,https://www.ikea.com/us/en/p/hemnes-bed-frame-white-stain-luroey-s69007848/
Brimnes Bed Frame With Storage White Luroey S09069764,beds,369.0,4.3,1851,8,2758,1,https://www.ikea.com/us/en/p/brimnes-bed-frame-with-storage-white-luroey-s09069764/
Malm Storage Bed White,beds,549.0,4.6,1329,4,2282,1,https://www.ikea.com/us/en/p/malm-storage-bed-white-70404818/
Slattum Upholstered Bed Frame Vissle Dark Gray Incl Slipcover For Headboard Oereryd Gray Beige S39613490,beds,163.99,5.0,1,15,942,0,https://www.ikea.com/us/en/p/slattum-upholstered-bed-frame-vissle-dark-gray-incl-slipcover-for-headboard-oereryd-gray-beige-s39613490/
Nordli Bed With Headboard And Storage Anthracite S79241412,beds,899.0,4.5,292,8,2427,1,https://www.ikea.com/us/en/p/nordli-bed-with-headboard-and-storage-anthracite-s79241412/
Valevag Pocket Spring Mattress Medium Firm White,beds,349.0,4.0,3254,7,2444,1,https://www.ikea.com/us/en/p/valevag-pocket-spring-mattress-medium-firm-white-50511857/
Vagstranda Pocket Spring Mattress Medium Firm White,beds,499.0,4.0,1473,7,2751,1,https://www.ikea.com/us/en/p/vagstranda-pocket-spring-mattress-medium-firm-white-30511877/
Asbygda Foam Mattress Firm White,beds,249.0,3.5,98,5,1848,0,https://www.ikea.com/us/en/p/asbygda-foam-mattress-firm-white-10481503/
Abrotten Foam Mattress Medium Firm White,beds,449.0,3.4,164,6,2463,0,https://www.ikea.com/us/en/p/abrotten-foam-mattress-medium-firm-white-40481686/
Bergshyttan Bergshyttan Table And 2 Benches Dark Brown Ash Veneer Tinted Effect Birch Veneer S49608412,chairs,799.99,5.0,3,15,1122,0,https://www.ikea.com/us/en/p/bergshyttan-bergshyttan-table-and-2-benches-dark-brown-ash-veneer-tinted-effect-birch-veneer-s49608412/
Ramsnaes Chair Anthracite Vissle Dark Gray,chairs,100.0,5.0,2,6,1005,0,https://www.ikea.com/us/en/p/ramsnaes-chair-anthracite-vissle-dark-gray-50636447/
Skogsta Table Counter Height Acacia Black,chairs,349.99,4.8,5,6,846,0,https://www.ikea.com/us/en/p/skogsta-table-counter-height-acacia-black-90620680/
Skogsta Bar Stool With Backrest Counter Height Acacia,chairs,95.0,4.9,7,8,1058,0,https://www.ikea.com/us/en/p/skogsta-bar-stool-with-backrest-counter-height-acacia-50620677/
Skogsta Ramsnaes Table And 6 Chairs Acacia Black Anthracite Vissle Dark Gray S39623719,chairs,1249.99,4.8,20,13,1964,0,https://www.ikea.com/us/en/p/skogsta-ramsnaes-table-and-6-chairs-acacia-black-anthracite-vissle-dark-gray-s39623719/
Skalsta Chair Plastic Red Tubular Metal Black Gray S29608465,chairs,55.0,5.0,2,9,1117,0,https://www.ikea.com/us/en/p/skalsta-chair-plastic-red-tubular-metal-black-gray-s29608465/
Skogsta Ramsnaes Table And 4 Chairs Acacia Anthracite Vissle Dark Gray S19623715,chairs,799.99,5.0,1,12,1285,0,https://www.ikea.com/us/en/p/skogsta-ramsnaes-table-and-4-chairs-acacia-anthracite-vissle-dark-gray-s19623715/
Skogsta Skogsta Table And 6 Chairs Acacia Black S19545124,chairs,1069.99,4.8,20,9,1924,0,https://www.ikea.com/us/en/p/skogsta-skogsta-table-and-6-chairs-acacia-black-s19545124/
Haegernaes Table And 4 Chairs Antique Stain Pine,chairs,259.99,4.7,440,8,1890,1,https://www.ikea.com/us/en/p/haegernaes-table-and-4-chairs-antique-stain-pine-70575947/
Tonstad Tonstad Table And 4 Chairs Brown Oak Veneer Brown Oak Effect Fridtuna Light Beige S39602255,chairs,539.99,5.0,2,16,1183,0,https://www.ikea.com/us/en/p/tonstad-tonstad-table-and-4-chairs-brown-oak-veneer-brown-oak-effect-fridtuna-light-beige-s39602255/
Stockholm 2025 Stockholm 2025 Table And 6 Chairs Oak Veneer Oak Leather S09606617,chairs,2349.99,5.0,1,13,891,0,https://www.ikea.com/us/en/p/stockholm-2025-stockholm-2025-table-and-6-chairs-oak-veneer-oak-leather-s09606617/
Skansnaes Skansnaes Table And 4 Chairs Brown Beech Brown Beech S09561633,chairs,1299.99,3.7,3,11,1658,0,https://www.ikea.com/us/en/p/skansnaes-skansnaes-table-and-4-chairs-brown-beech-brown-beech-s09561633/
Tonstad Tonstad Table And 6 Chairs Oak Veneer Oak Effect Fridtuna Light Beige S49602189,chairs,829.99,5.0,1,14,1375,0,https://www.ikea.com/us/en/p/tonstad-tonstad-table-and-6-chairs-oak-veneer-oak-effect-fridtuna-light-beige-s49602189/
Lisabo Lisabo Table And 4 Chairs Ash Veneer Ash S49385529,chairs,619.99,4.8,66,10,1208,0,https://www.ikea.com/us/en/p/lisabo-lisabo-table-and-4-chairs-ash-veneer-ash-s49385529/
Storklinta 6 Drawer Dresser White Anchor Unlock Function,dressers,249.99,4.0,261,8,2540,1,https://www.ikea.com/us/en/p/storklinta-6-drawer-dresser-white-anchor-unlock-function-60561248/
Storklinta 6 Drawer Dresser Oak Effect Anchor Unlock Function,dressers,279.99,4.0,261,9,2472,1,https://www.ikea.com/us/en/p/storklinta-6-drawer-dresser-oak-effect-anchor-unlock-function-00561246/
Storklinta 6 Drawer Dresser Dark Brown Oak Effect Anchor Unlock Function,dressers,279.99,4.0,261,11,2465,1,https://www.ikea.com/us/en/p/storklinta-6-drawer-dresser-dark-brown-oak-effect-anchor-unlock-function-50561244/
Storemolla 8 Drawer Dresser Gray Brown Stained,dressers,599.99,4.4,248,7,2605,1,https://www.ikea.com/us/en/p/storemolla-8-drawer-dresser-gray-brown-stained-60522394/
Storemolla 8 Drawer Dresser Light Grey Beige Stained,dressers,599.99,4.4,248,8,2653,1,https://www.ikea.com/us/en/p/storemolla-8-drawer-dresser-light-grey-beige-stained-80522393/
Storklinta 4 Drawer Dresser White Anchor Unlock Function,dressers,179.99,4.0,150,8,2100,0,https://www.ikea.com/us/en/p/storklinta-4-drawer-dresser-white-anchor-unlock-function-40559289/
Storklinta 4 Drawer Dresser Dark Brown Oak Effect Anchor Unlock Function,dressers,199.99,4.0,150,11,2058,0,https://www.ikea.com/us/en/p/storklinta-4-drawer-dresser-dark-brown-oak-effect-anchor-unlock-function-60559288/
Storklinta 4 Drawer Dresser Oak Effect Anchor Unlock Function,dressers,199.99,4.0,150,9,2063,0,https://www.ikea.com/us/en/p/storklinta-4-drawer-dresser-oak-effect-anchor-unlock-function-20559290/
Storklinta 6 Drawer Dresser White Anchor Unlock Function,dressers,229.99,4.0,141,8,2474,0,https://www.ikea.com/us/en/p/storklinta-6-drawer-dresser-white-anchor-unlock-function-10559281/
Storklinta 6 Drawer Dresser Gray Green Anchor Unlock Function,dressers,229.99,4.0,141,9,2273,0,https://www.ikea.com/us/en/p/storklinta-6-drawer-dresser-gray-green-anchor-unlock-function-50621064/
Storklinta 6 Drawer Dresser Dark Brown Oak Effect Anchor Unlock Function,dressers,249.99,4.0,141,11,2412,0,https://www.ikea.com/us/en/p/storklinta-6-drawer-dresser-dark-brown-oak-effect-anchor-unlock-function-70559278/
Storklinta 6 Drawer Dresser Oak Effect Anchor Unlock Function,dressers,249.99,4.0,141,9,2436,0,https://www.ikea.com/us/en/p/storklinta-6-drawer-dresser-oak-effect-anchor-unlock-function-50559279/
Storklinta 3 Drawer Dresser White Anchor Unlock Function,dressers,129.99,3.9,186,8,2090,1,https://www.ikea.com/us/en/p/storklinta-3-drawer-dresser-white-anchor-unlock-function-00559291/
Storklinta 3 Drawer Dresser Oak Effect Anchor Unlock Function,dressers,149.99,3.9,186,9,2027,1,https://www.ikea.com/us/en/p/storklinta-3-drawer-dresser-oak-effect-anchor-unlock-function-80559292/
Storklinta 3 Drawer Dresser Dark Brown Oak Effect Anchor Unlock Function,dressers,149.99,3.9,186,11,2027,1,https://www.ikea.com/us/en/p/storklinta-3-drawer-dresser-dark-brown-oak-effect-anchor-unlock-function-60559293/
Storklinta 3 Drawer Dresser Gray Green Anchor Unlock Function,dressers,129.99,3.9,186,9,1987,1,https://www.ikea.com/us/en/p/storklinta-3-drawer-dresser-gray-green-anchor-unlock-function-80574645/
Hemnes 8 Drawer Dresser White Stain,dressers,349.99,4.0,77,6,2700,0,https://www.ikea.com/us/en/p/hemnes-8-drawer-dresser-white-stain-10576191/
Hemnes 8 Drawer Dresser Black Brown,dressers,349.99,4.0,77,6,2638,0,https://www.ikea.com/us/en/p/hemnes-8-drawer-dresser-black-brown-30576190/
Rast 6 Drawer Dresser Pine,dressers,129.99,2.5,163,5,2047,0,https://www.ikea.com/us/en/p/rast-6-drawer-dresser-pine-00582164/
Radmansoe 6 Drawer Dresser Brown Walnut Effect,dressers,349.99,4.0,105,7,2549,0,https://www.ikea.com/us/en/p/radmansoe-6-drawer-dresser-brown-walnut-effect-40593839/
Rast 3 Drawer Dresser Pine,dressers,59.99,3.2,106,5,2534,0,https://www.ikea.com/us/en/p/rast-3-drawer-dresser-pine-70582165/
Gullaberg 8 Drawer Dresser Gray Anchor Unlock Function,dressers,299.99,3.7,90,8,2376,0,https://www.ikea.com/us/en/p/gullaberg-8-drawer-dresser-gray-anchor-unlock-function-80590396/
Gullaberg 8 Drawer Dresser White Anchor Unlock Function,dressers,379.99,3.7,90,8,2452,0,https://www.ikea.com/us/en/p/gullaberg-8-drawer-dresser-white-anchor-unlock-function-00590395/
Storklinta 5 Drawer Dresser White Anchor Unlock Function,dressers,179.99,3.9,80,8,2717,0,https://www.ikea.com/us/en/p/storklinta-5-drawer-dresser-white-anchor-unlock-function-20559285/
Storklinta 5 Drawer Dresser Dark Brown Oak Effect Anchor Unlock Function,dressers,199.99,3.9,80,11,2677,0,https://www.ikea.com/us/en/p/storklinta-5-drawer-dresser-dark-brown-oak-effect-anchor-unlock-function-80559287/
Storklinta 5 Drawer Dresser Oak Effect Anchor Unlock Function,dressers,199.99,3.9,80,9,2657,0,https://www.ikea.com/us/en/p/storklinta-5-drawer-dresser-oak-effect-anchor-unlock-function-00559286/
Songesand 6 Drawer Dresser White,dressers,239.99,2.5,100,5,2433,0,https://www.ikea.com/us/en/p/songesand-6-drawer-dresser-white-50572836/
Songesand 6 Drawer Dresser Brown,dressers,299.99,2.5,100,5,2274,0,https://www.ikea.com/us/en/p/songesand-6-drawer-dresser-brown-00575804/
Brimnes 4 Drawer Dresser Black,dressers,229.99,4.5,1181,5,2346,1,https://www.ikea.com/us/en/p/brimnes-4-drawer-dresser-black-70574245/
Brimnes 4 Drawer Dresser White,dressers,229.99,4.5,1181,5,2346,1,https://www.ikea.com/us/en/p/brimnes-4-drawer-dresser-white-20572833/
Brimnes 4 Drawer Dresser Gray Frosted Glass,dressers,229.99,4.5,1181,7,1932,1,https://www.ikea.com/us/en/p/brimnes-4-drawer-dresser-gray-frosted-glass-10598391/
Vihals 6 Drawer Dresser White Anchor Unlock Function,dressers,279.99,4.2,96,8,2498,0,https://www.ikea.com/us/en/p/vihals-6-drawer-dresser-white-anchor-unlock-function-30490115/
Kilberget 6 Drawer Dresser White Anchor Unlock Function,dressers,249.99,3.7,56,8,2599,0,https://www.ikea.com/us/en/p/kilberget-6-drawer-dresser-white-anchor-unlock-function-70561672/
Jonaxel Storage Combination White S99297144,dressers,49.99,4.4,245,5,2017,1,https://www.ikea.com/us/en/p/jonaxel-storage-combination-white-s99297144/
Vihals 6 Drawer Dresser White Anchor Unlock Function,dressers,249.99,4.4,153,8,2379,0,https://www.ikea.com/us/en/p/vihals-6-drawer-dresser-white-anchor-unlock-function-90483249/
Gullaberg 3 Drawer Dresser Gray Anchor Unlock Function,dressers,159.99,4.2,60,8,2545,0,https://www.ikea.com/us/en/p/gullaberg-3-drawer-dresser-gray-anchor-unlock-function-30561768/
Gullaberg 3 Drawer Dresser White Anchor Unlock Function,dressers,199.99,4.2,60,8,2439,0,https://www.ikea.com/us/en/p/gullaberg-3-drawer-dresser-white-anchor-unlock-function-10561769/
Gullaberg 3 Drawer Dresser Yellow,dressers,199.99,4.2,60,5,2448,0,https://www.ikea.com/us/en/p/gullaberg-3-drawer-dresser-yellow-60593447/
Kilberget 3 Drawer Dresser White Anchor Unlock Function,dressers,129.99,4.0,46,8,2483,0,https://www.ikea.com/us/en/p/kilberget-3-drawer-dresser-white-anchor-unlock-function-50561668/
Songesand 6 Drawer Dresser White,dressers,279.99,2.7,93,5,2382,0,https://www.ikea.com/us/en/p/songesand-6-drawer-dresser-white-30572837/
Songesand 6 Drawer Dresser Brown,dressers,279.99,2.7,93,5,2382,0,https://www.ikea.com/us/en/p/songesand-6-drawer-dresser-brown-20575803/
Songesand 4 Drawer Dresser White,dressers,149.99,3.0,88,5,2159,0,https://www.ikea.com/us/en/p/songesand-4-drawer-dresser-white-70572835/
Songesand 4 Drawer Dresser Brown,dressers,149.99,3.0,88,5,2159,0,https://www.ikea.com/us/en/p/songesand-4-drawer-dresser-brown-40575802/
Hauga 6 Drawer Dresser White,dressers,279.99,4.4,64,5,1732,0,https://www.ikea.com/us/en/p/hauga-6-drawer-dresser-white-60581538/
Hauga 6 Drawer Dresser Gray,dressers,279.99,4.4,64,5,1870,0,https://www.ikea.com/us/en/p/hauga-6-drawer-dresser-gray-20581535/
Songesand 3 Drawer Dresser White,dressers,149.99,2.9,34,5,2059,0,https://www.ikea.com/us/en/p/songesand-3-drawer-dresser-white-00572834/
Songesand 3 Drawer Dresser Brown,dressers,119.99,2.9,34,5,2102,0,https://www.ikea.com/us/en/p/songesand-3-drawer-dresser-brown-60575801/
Hemnes 6 Drawer Dresser Black Brown,dressers,319.99,3.9,43,6,2234,0,https://www.ikea.com/us/en/p/hemnes-6-drawer-dresser-black-brown-60576198/
Hemnes 6 Drawer Dresser White Stain,dressers,319.99,3.9,43,6,2266,0,https://www.ikea.com/us/en/p/hemnes-6-drawer-dresser-white-stain-00576196/
Stockholm Mirror Walnut Veneer,dressers,179.99,4.7,1134,4,1660,1,https://www.ikea.com/us/en/p/stockholm-mirror-walnut-veneer-20503793/
Nissedal Mirror Walnut Effect,dressers,49.99,4.7,5596,4,1343,1,https://www.ikea.com/us/en/p/nissedal-mirror-walnut-effect-30501864/
Nyponbuske Mirror Black,dressers,89.99,4.8,49,3,755,0,https://www.ikea.com/us/en/p/nyponbuske-mirror-black-10609889/
Stockholm 2025 Tv Unit With Sliding Doors Oak Veneer,tv_media,449.99,4.4,102,9,2219,0,https://www.ikea.com/us/en/p/stockholm-2025-tv-unit-with-sliding-doors-oak-veneer-90586638/
Kallax Tv Unit Black Brown,tv_media,79.99,4.6,309,5,1590,1,https://www.ikea.com/us/en/p/kallax-tv-unit-black-brown-90574881/
Kallax Tv Unit White,tv_media,79.99,4.6,309,4,1583,1,https://www.ikea.com/us/en/p/kallax-tv-unit-white-00574885/
Kallax Tv Unit White Stained Oak Effect,tv_media,79.99,4.6,309,7,1597,1,https://www.ikea.com/us/en/p/kallax-tv-unit-white-stained-oak-effect-50574883/
Brimnes Tv Unit White,tv_media,199.99,4.5,539,4,1840,1,https://www.ikea.com/us/en/p/brimnes-tv-unit-white-20569487/
Brimnes Tv Unit Black,tv_media,199.99,4.5,539,4,1847,1,https://www.ikea.com/us/en/p/brimnes-tv-unit-black-40569486/
Besta Tv Bench With Doors Black Brown Hedeviken Dark Brown Oak Veneer S89568027,tv_media,285.0,3.8,360,13,2418,1,https://www.ikea.com/us/en/p/besta-tv-bench-with-doors-black-brown-hedeviken-dark-brown-oak-veneer-s89568027/
Besta Tv Bench With Doors White Bjoerkoeviken Birch Veneer S79568042,tv_media,285.0,3.8,360,10,2379,1,https://www.ikea.com/us/en/p/besta-tv-bench-with-doors-white-bjoerkoeviken-birch-veneer-s79568042/
Besta Tv Bench With Doors Dark Gray Bergsviken Black S79564157,tv_media,285.0,3.8,360,10,2358,1,https://www.ikea.com/us/en/p/besta-tv-bench-with-doors-dark-gray-bergsviken-black-s79564157/
Besta Tv Bench With Doors White Bergsviken Black S59568043,tv_media,285.0,3.8,360,9,2360,1,https://www.ikea.com/us/en/p/besta-tv-bench-with-doors-white-bergsviken-black-s59568043/
Besta Tv Unit With Doors White Stained Oak Effect Lappviken White Stained Oak Effect S29568054,tv_media,225.0,3.8,360,15,2355,1,https://www.ikea.com/us/en/p/besta-tv-unit-with-doors-white-stained-oak-effect-lappviken-white-stained-oak-effect-s29568054/
Besta Tv Unit With Doors White Lappviken White S49568048,tv_media,225.0,3.8,360,9,2362,1,https://www.ikea.com/us/en/p/besta-tv-unit-with-doors-white-lappviken-white-s49568048/
Besta Tv Bench With Doors Black Brown Lappviken Walnut Effect S49612174,tv_media,225.0,3.8,360,11,2338,1,https://www.ikea.com/us/en/p/besta-tv-bench-with-doors-black-brown-lappviken-walnut-effect-s49612174/
Lack Tv Unit White,tv_media,59.99,4.6,217,4,1636,1,https://www.ikea.com/us/en/p/lack-tv-unit-white-40566063/
Lack Tv Unit Black Brown,tv_media,59.99,4.6,217,5,1639,1,https://www.ikea.com/us/en/p/lack-tv-unit-black-brown-60566062/
Fjaellbo Tv Unit Black,tv_media,299.99,4.4,876,4,1755,1,https://www.ikea.com/us/en/p/fjaellbo-tv-unit-black-00579034/
Fjaellbo Tv Unit Black,tv_media,249.99,4.4,876,4,1748,1,https://www.ikea.com/us/en/p/fjaellbo-tv-unit-black-60566439/
Skruvby Tv Unit Black Blue,tv_media,99.99,4.6,111,5,1846,0,https://www.ikea.com/us/en/p/skruvby-tv-unit-black-blue-10542747/
Skruvby Tv Unit White,tv_media,99.99,4.6,111,4,1836,0,https://www.ikea.com/us/en/p/skruvby-tv-unit-white-90542748/
Baggebo Tv Unit White,tv_media,29.99,4.5,115,4,1148,0,https://www.ikea.com/us/en/p/baggebo-tv-unit-white-90565773/
Kallax Tv Storage Combination Black Brown S49569444,tv_media,169.99,4.5,64,7,1447,0,https://www.ikea.com/us/en/p/kallax-tv-storage-combination-black-brown-s49569444/
Kallax Tv Storage Combination White Stained Oak Effect S79569447,tv_media,169.99,4.5,64,9,1462,0,https://www.ikea.com/us/en/p/kallax-tv-storage-combination-white-stained-oak-effect-s79569447/
Kallax Tv Storage Combination White S99569451,tv_media,159.99,4.5,64,6,1450,0,https://www.ikea.com/us/en/p/kallax-tv-storage-combination-white-s99569451/
Hemnes Tv Unit White Stain Light Brown,tv_media,229.99,4.5,923,7,2582,1,https://www.ikea.com/us/en/p/hemnes-tv-unit-white-stain-light-brown-10413528/
Hemnes Tv Unit Black Brown,tv_media,229.99,4.5,924,5,2569,1,https://www.ikea.com/us/en/p/hemnes-tv-unit-black-brown-30334506/
Hemnes Tv Unit White Stain,tv_media,229.99,4.5,923,5,2570,1,https://www.ikea.com/us/en/p/hemnes-tv-unit-white-stain-40349569/
Hemnes Tv Unit Black Brown,tv_media,279.99,4.5,923,5,2477,1,https://www.ikea.com/us/en/p/hemnes-tv-unit-black-brown-50566048/
Hemnes Tv Unit White Stain,tv_media,279.99,4.5,924,5,2486,1,https://www.ikea.com/us/en/p/hemnes-tv-unit-white-stain-30566049/
Besta Tv Bench With Doors White Bjoerkoeviken Stubbarp Birch Veneer S09566541,tv_media,240.0,3.8,48,11,1185,0,https://www.ikea.com/us/en/p/besta-tv-bench-with-doors-white-bjoerkoeviken-stubbarp-birch-veneer-s09566541/
Besta Tv Bench With Doors Black Brown Hedeviken Stubbarp Dark Brown Stained Oak Veneer S99566508,tv_media,240.0,3.8,48,15,1191,0,https://www.ikea.com/us/en/p/besta-tv-bench-with-doors-black-brown-hedeviken-stubbarp-dark-brown-stained-oak-veneer-s99566508/
Besta Tv Bench With Doors White Bjoerkoeviken Mejarp Birch Veneer S89566504,tv_media,260.0,3.8,48,11,1187,0,https://www.ikea.com/us/en/p/besta-tv-bench-with-doors-white-bjoerkoeviken-mejarp-birch-veneer-s89566504/
Besta Tv Bench With Doors Dark Gray Bergsviken Stubbarp Black S79564204,tv_media,240.0,3.8,48,11,1167,0,https://www.ikea.com/us/en/p/besta-tv-bench-with-doors-dark-gray-bergsviken-stubbarp-black-s79564204/
Besta Tv Bench With Doors White Bergsviken Stubbarp Black S49566539,tv_media,240.0,3.8,48,10,1166,0,https://www.ikea.com/us/en/p/besta-tv-bench-with-doors-white-bergsviken-stubbarp-black-s49566539/
Besta Tv Bench With Doors Dark Gray Bergsviken Oesarp Black S39564197,tv_media,260.0,3.8,48,11,1168,0,https://www.ikea.com/us/en/p/besta-tv-bench-with-doors-dark-gray-bergsviken-oesarp-black-s39564197/
Besta Tv Bench With Doors White Bergsviken Oesarp Black S09566503,tv_media,260.0,3.8,48,10,1167,0,https://www.ikea.com/us/en/p/besta-tv-bench-with-doors-white-bergsviken-oesarp-black-s09566503/
Skruvby Tv Storage Combination Black Blue S29494666,tv_media,198.99,4.7,30,7,1304,0,https://www.ikea.com/us/en/p/skruvby-tv-storage-combination-black-blue-s29494666/
Skruvby Tv Storage Combination White S89494668,tv_media,198.99,4.7,30,6,1306,0,https://www.ikea.com/us/en/p/skruvby-tv-storage-combination-white-s89494668/
Skruvby Tv Storage Combination Black Blue S99494658,tv_media,198.99,4.7,30,7,1338,0,https://www.ikea.com/us/en/p/skruvby-tv-storage-combination-black-blue-s99494658/
Skruvby Tv Storage Combination White S59494660,tv_media,198.99,4.7,30,6,1338,0,https://www.ikea.com/us/en/p/skruvby-tv-storage-combination-white-s59494660/
Brimnes Tv Unit Black,tv_media,249.99,4.5,10,4,1266,0,https://www.ikea.com/us/en/p/brimnes-tv-unit-black-20593091/
Brimnes Tv Unit White,tv_media,249.99,4.5,10,4,1266,0,https://www.ikea.com/us/en/p/brimnes-tv-unit-white-60593094/
Fryksas Tv Unit Rattan,tv_media,449.99,4.5,26,4,1335,0,https://www.ikea.com/us/en/p/fryksas-tv-unit-rattan-80579327/
Lack Tv Unit Black Brown,tv_media,49.99,4.5,302,5,1341,1,https://www.ikea.com/us/en/p/lack-tv-unit-black-brown-00566060/
Lack Tv Unit White,tv_media,49.99,4.5,302,4,1341,1,https://www.ikea.com/us/en/p/lack-tv-unit-white-80566061/
Radmansoe Tv Unit Brown Walnut Effect,tv_media,299.99,4.6,46,6,1334,0,https://www.ikea.com/us/en/p/radmansoe-tv-unit-brown-walnut-effect-80598986/
Besta Tv Unit White Stained Oak Effect,tv_media,90.0,4.3,2298,7,2262,1,https://www.ikea.com/us/en/p/besta-tv-unit-white-stained-oak-effect-20576001/
Besta Tv Unit White,tv_media,110.0,4.4,696,4,1910,1,https://www.ikea.com/us/en/p/besta-tv-unit-white-80566037/
Besta Tv Unit Dark Gray,tv_media,110.0,4.4,696,5,1863,1,https://www.ikea.com/us/en/p/besta-tv-unit-dark-gray-20575228/
Besta Tv Unit Black Brown,tv_media,90.0,4.3,2298,5,2296,1,https://www.ikea.com/us/en/p/besta-tv-unit-black-brown-40565775/
Besta Tv Unit White,tv_media,90.0,4.3,2298,4,2281,1,https://www.ikea.com/us/en/p/besta-tv-unit-white-00565777/
Besta Tv Unit White Stained Oak Effect,tv_media,110.0,4.4,696,7,1899,1,https://www.ikea.com/us/en/p/besta-tv-unit-white-stained-oak-effect-60576004/
Besta Tv Unit White Stained Oak Effect,tv_media,75.0,4.3,2298,7,2277,1,https://www.ikea.com/us/en/p/besta-tv-unit-white-stained-oak-effect-00576002/
Eket Media Storage Combination Brown Walnut Effect S69580983,tv_media,306.0,3.1,11,8,985,0,https://www.ikea.com/us/en/p/eket-media-storage-combination-brown-walnut-effect-s69580983/
Eket Media Storage Combination White S29580980,tv_media,306.0,3.1,11,6,992,0,https://www.ikea.com/us/en/p/eket-media-storage-combination-white-s29580980/
Havsta Tv Storage Combination Glass Doors Gray Beige S99570586,tv_media,1649.99,4.5,4,9,1342,0,https://www.ikea.com/us/en/p/havsta-tv-storage-combination-glass-doors-gray-beige-s99570586/
Havsta Tv Storage Combination Glass Doors White S99570572,tv_media,1649.99,4.5,4,8,1345,0,https://www.ikea.com/us/en/p/havsta-tv-storage-combination-glass-doors-white-s99570572/
Havsta Tv Storage Combination Glass Doors Black S19570585,tv_media,1649.99,4.5,4,8,1350,0,https://www.ikea.com/us/en/p/havsta-tv-storage-combination-glass-doors-black-s19570585/
Tonstad Tv Unit Oak Veneer,tv_media,399.99,4.8,85,5,1855,0,https://www.ikea.com/us/en/p/tonstad-tv-unit-oak-veneer-60542962/
Tonstad Tv Unit Brown Stained Oak Veneer,tv_media,399.99,4.8,85,7,1834,0,https://www.ikea.com/us/en/p/tonstad-tv-unit-brown-stained-oak-veneer-50562026/
Trofast Storage Combination With Boxes Light White Stained Pine White S39574865,storage,146.99,3.4,93,11,2179,0,https://www.ikea.com/us/en/p/trofast-storage-combination-with-boxes-light-white-stained-pine-white-s39574865/
Flisat Wall Storage Gray Turquoise,storage,19.99,4.7,553,5,1380,1,https://www.ikea.com/us/en/p/flisat-wall-storage-gray-turquoise-90614603/
Tigerfink Storage With Compartments Beige Orange,storage,19.99,3.1,165,6,2146,0,https://www.ikea.com/us/en/p/tigerfink-storage-with-compartments-beige-orange-30614644/
Flisat Knob Rack With 4 Knobs,storage,7.99,3.5,57,6,664,0,https://www.ikea.com/us/en/p/flisat-knob-rack-with-4-knobs-40614568/
Flisat Book Display,storage,29.99,4.8,23,3,823,0,https://www.ikea.com/us/en/p/flisat-book-display-80614566/
Tigerfink Organizer With 5 Compartments Beige Orange,storage,9.99,4.5,13,7,738,0,https://www.ikea.com/us/en/p/tigerfink-organizer-with-5-compartments-beige-orange-00621716/
Glis Box With Lid Green Lilac Blue,storage,3.99,4.5,98,7,917,0,https://www.ikea.com/us/en/p/glis-box-with-lid-green-lilac-blue-00604118/
Brimnes Cabinet With Doors White,cabinets,99.0,4.6,1686,5,2038,1,https://www.ikea.com/us/en/p/brimnes-cabinet-with-doors-white-40300662/
Brimnes Cabinet With Doors Black,cabinets,99.0,4.6,1686,5,2031,1,https://www.ikea.com/us/en/p/brimnes-cabinet-with-doors-black-80300660/
Billy Oxberg Bookcase White S49581484,cabinets,179.0,4.7,892,5,2358,1,https://www.ikea.com/us/en/p/billy-oxberg-bookcase-white-s49581484/
Billy Oxberg Bookcase W Glass Doors Black Oak Effect S59483317,cabinets,199.0,4.7,892,10,2811,1,https://www.ikea.com/us/en/p/billy-oxberg-bookcase-w-glass-doors-black-oak-effect-s59483317/
Billy Oxberg Bookcase W Glass Doors Brown Walnut Effect S39483318,cabinets,199.0,4.7,892,10,2816,1,https://www.ikea.com/us/en/p/billy-oxberg-bookcase-w-glass-doors-brown-walnut-effect-s39483318/
Billy Oxberg Bookcase W Glass Doors Oak Effect S99483320,cabinets,199.0,4.7,892,9,2813,1,https://www.ikea.com/us/en/p/billy-oxberg-bookcase-w-glass-doors-oak-effect-s99483320/
Billy Oxberg Bookcase W Glass Doors Dark Brown Oak Effect S19483319,cabinets,199.0,4.7,892,11,2807,1,https://www.ikea.com/us/en/p/billy-oxberg-bookcase-w-glass-doors-dark-brown-oak-effect-s19483319/
Havsta Cabinet With Base White,cabinets,270.0,4.1,98,5,2518,0,https://www.ikea.com/us/en/p/havsta-cabinet-with-base-white-00529242/
Havsta Cabinet With Base Black,cabinets,270.0,4.1,98,5,2515,0,https://www.ikea.com/us/en/p/havsta-cabinet-with-base-black-50559646/
Havsta Cabinet With Base Gray Beige,cabinets,270.0,4.1,98,6,2515,0,https://www.ikea.com/us/en/p/havsta-cabinet-with-base-gray-beige-80529238/
Billy Oxberg Bookcase With Panel Glass Doors White S99581486,cabinets,169.0,4.7,795,9,1935,1,https://www.ikea.com/us/en/p/billy-oxberg-bookcase-with-panel-glass-doors-white-s99581486/
Billy Oxberg Bookcase With Panel Glass Doors Brown Walnut Effect S69483326,cabinets,189.0,4.7,795,11,2301,1,https://www.ikea.com/us/en/p/billy-oxberg-bookcase-with-panel-glass-doors-brown-walnut-effect-s69483326/
Billy Oxberg Bookcase With Panel Glass Doors Black Oak Effect S89483325,cabinets,189.0,4.7,795,11,2296,1,https://www.ikea.com/us/en/p/billy-oxberg-bookcase-with-panel-glass-doors-black-oak-effect-s89483325/
Billy Oxberg Bookcase With Panel Glass Doors Oak Effect S29483328,cabinets,189.0,4.7,795,10,2308,1,https://www.ikea.com/us/en/p/billy-oxberg-bookcase-with-panel-glass-doors-oak-effect-s29483328/
Billy Oxberg Bookcase With Panel Glass Doors Dark Brown Oak Effect S49483327,cabinets,189.0,4.7,795,12,2291,1,https://www.ikea.com/us/en/p/billy-oxberg-bookcase-with-panel-glass-doors-dark-brown-oak-effect-s49483327/
Hemnes Glass Door Cabinet With 3 Drawers White Stain Light Brown,cabinets,299.0,4.2,928,11,2596,1,https://www.ikea.com/us/en/p/hemnes-glass-door-cabinet-with-3-drawers-white-stain-light-brown-50413507/
Hemnes Glass Door Cabinet With 3 Drawers Gray Green Light Brown Stained,cabinets,299.0,4.2,928,12,2524,1,https://www.ikea.com/us/en/p/hemnes-glass-door-cabinet-with-3-drawers-gray-green-light-brown-stained-00596161/
Hemnes Glass Door Cabinet With 3 Drawers White Stain,cabinets,299.0,4.2,928,9,2600,1,https://www.ikea.com/us/en/p/hemnes-glass-door-cabinet-with-3-drawers-white-stain-50371772/
Hemnes Glass Door Cabinet With 3 Drawers Black Brown Light Brown,cabinets,299.0,4.2,928,11,2614,1,https://www.ikea.com/us/en/p/hemnes-glass-door-cabinet-with-3-drawers-black-brown-light-brown-50452297/
Hemnes Glass Door Cabinet With 3 Drawers Black Brown,cabinets,299.0,4.2,928,9,2563,1,https://www.ikea.com/us/en/p/hemnes-glass-door-cabinet-with-3-drawers-black-brown-70371771/
Baggebo Glass Door Cabinet Metal White,cabinets,64.99,4.6,850,6,1892,1,https://www.ikea.com/us/en/p/baggebo-glass-door-cabinet-metal-white-80502998/
Vihals Sideboard White,cabinets,199.0,4.3,374,3,2555,1,https://www.ikea.com/us/en/p/vihals-sideboard-white-90491720/
Vihals Sideboard Dark Gray,cabinets,149.0,4.3,374,4,2401,1,https://www.ikea.com/us/en/p/vihals-sideboard-dark-gray-90542927/
Fryksas Cabinet Rattan,cabinets,399.0,4.3,90,3,2223,0,https://www.ikea.com/us/en/p/fryksas-cabinet-rattan-40574096/
Lommarp Cabinet Light Beige,cabinets,449.0,4.6,350,4,2105,1,https://www.ikea.com/us/en/p/lommarp-cabinet-light-beige-70483028/
Lommarp Cabinet Dark Blue Green,cabinets,449.0,4.6,350,5,2137,1,https://www.ikea.com/us/en/p/lommarp-cabinet-dark-blue-green-90483027/
Hauga High Cabinet With 2 Doors White,cabinets,199.0,4.7,793,7,2152,1,https://www.ikea.com/us/en/p/hauga-high-cabinet-with-2-doors-white-20415046/
Hauga High Cabinet With 2 Doors Gray,cabinets,199.0,4.7,793,7,2152,1,https://www.ikea.com/us/en/p/hauga-high-cabinet-with-2-doors-gray-60415054/
Billy Oxberg Bookcase With Doors White S09571236,cabinets,109.0,4.5,484,7,1020,1,https://www.ikea.com/us/en/p/billy-oxberg-bookcase-with-doors-white-s09571236/
Billy Oxberg Bookcase With Doors Brown Walnut Effect S39483276,cabinets,129.0,4.5,484,9,1439,1,https://www.ikea.com/us/en/p/billy-oxberg-bookcase-with-doors-brown-walnut-effect-s39483276/
Billy Oxberg Bookcase With Doors Black Oak Effect S19483277,cabinets,129.0,4.5,484,9,1429,1,https://www.ikea.com/us/en/p/billy-oxberg-bookcase-with-doors-black-oak-effect-s19483277/
Billy Oxberg Bookcase With Doors Oak Effect S59483275,cabinets,129.0,4.5,484,8,1427,1,https://www.ikea.com/us/en/p/billy-oxberg-bookcase-with-doors-oak-effect-s59483275/
Billy Oxberg Bookcase With Doors Dark Brown Oak Effect S99483278,cabinets,129.0,4.5,484,10,1431,1,https://www.ikea.com/us/en/p/billy-oxberg-bookcase-with-doors-dark-brown-oak-effect-s99483278/
Sagmaestare Cabinet Light Gray Blue,cabinets,129.0,4.5,85,5,1280,0,https://www.ikea.com/us/en/p/sagmaestare-cabinet-light-gray-blue-90555364/
Kallax Shelf Unit White,cabinets,79.99,4.7,10532,4,1827,1,https://www.ikea.com/us/en/p/kallax-shelf-unit-white-80275887/
Kallax Shelf Unit Black Brown,cabinets,79.99,4.7,10531,5,1847,1,https://www.ikea.com/us/en/p/kallax-shelf-unit-black-brown-20275885/
Kallax Shelf Unit White Stained Oak Effect,cabinets,79.99,4.7,10531,7,1831,1,https://www.ikea.com/us/en/p/kallax-shelf-unit-white-stained-oak-effect-00324518/
Lommarp Cabinet With Glass Doors Black,cabinets,499.0,4.7,401,6,1956,1,https://www.ikea.com/us/en/p/lommarp-cabinet-with-glass-doors-black-90508527/
Lommarp Cabinet With Glass Doors Dark Blue Green,cabinets,499.0,4.7,401,8,2036,1,https://www.ikea.com/us/en/p/lommarp-cabinet-with-glass-doors-dark-blue-green-40383737/
Lommarp Cabinet With Glass Doors Light Beige,cabinets,499.0,4.7,401,7,2037,1,https://www.ikea.com/us/en/p/lommarp-cabinet-with-glass-doors-light-beige-80436994/
Hemnes Storage Combination W Doors Drawers Gray Green Light Brown Stained S39591068,cabinets,927.0,3.8,45,12,2568,0,https://www.ikea.com/us/en/p/hemnes-storage-combination-w-doors-drawers-gray-green-light-brown-stained-s39591068/
Hemnes Storage Combination W Doors Drawers White Stain Light Brown S09384051,cabinets,827.0,3.8,45,11,2622,0,https://www.ikea.com/us/en/p/hemnes-storage-combination-w-doors-drawers-white-stain-light-brown-s09384051/
Hemnes Storage Combination W Doors Drawers White Stain S19233759,cabinets,787.0,3.8,45,9,2610,0,https://www.ikea.com/us/en/p/hemnes-storage-combination-w-doors-drawers-white-stain-s19233759/
Hemnes Storage Combination W Doors Drawers Black Brown Light Brown S49336567,cabinets,827.0,3.8,45,11,2622,0,https://www.ikea.com/us/en/p/hemnes-storage-combination-w-doors-drawers-black-brown-light-brown-s49336567/
Hemnes Storage Combination W Doors Drawers Black Brown S79233756,cabinets,827.0,3.8,45,9,2636,0,https://www.ikea.com/us/en/p/hemnes-storage-combination-w-doors-drawers-black-brown-s79233756/
Baggebo Cabinet With Door White,cabinets,34.99,4.4,683,5,1505,1,https://www.ikea.com/us/en/p/baggebo-cabinet-with-door-white-60481204/
Havsta Storage Combination With Doors White S59534755,cabinets,570.0,4.5,21,7,1522,0,https://www.ikea.com/us/en/p/havsta-storage-combination-with-doors-white-s59534755/
Havsta Storage Combination With Doors Gray Beige S09534753,cabinets,570.0,4.5,21,8,1522,0,https://www.ikea.com/us/en/p/havsta-storage-combination-with-doors-gray-beige-s09534753/
Havsta Storage Combination With Doors Black S29534752,cabinets,570.0,4.5,21,7,1522,0,https://www.ikea.com/us/en/p/havsta-storage-combination-with-doors-black-s29534752/
Billy Oxberg Bookcase With Glass Door White Glass S19581555,cabinets,99.0,4.7,267,9,1200,1,https://www.ikea.com/us/en/p/billy-oxberg-bookcase-with-glass-door-white-glass-s19581555/
Billy Oxberg Bookcase With Glass Door Brown Walnut Effect Clear Glass S09581829,cabinets,114.0,4.7,267,12,1126,1,https://www.ikea.com/us/en/p/billy-oxberg-bookcase-with-glass-door-brown-walnut-effect-clear-glass-s09581829/
Billy Oxberg Bookcase With Glass Door Oak Effect Clear Glass S69581831,cabinets,114.0,4.7,267,11,1123,1,https://www.ikea.com/us/en/p/billy-oxberg-bookcase-with-glass-door-oak-effect-clear-glass-s69581831/
Billy Oxberg Bookcase With Glass Door Dark Brown Oak Effect Clear Glass S29581828,cabinets,114.0,4.7,267,13,1143,1,https://www.ikea.com/us/en/p/billy-oxberg-bookcase-with-glass-door-dark-brown-oak-effect-clear-glass-s29581828/
Naemmaroe Reclining Chair Outdoor Foldable Light Brown Stained,outdoor,85.0,4.6,548,8,2636,1,https://www.ikea.com/us/en/p/naemmaroe-reclining-chair-outdoor-foldable-light-brown-stained-50510301/
Naemmaroe 4 Seat Lounge Set Light Brown Stained Kuddarna Light Grey Beige S89575400,outdoor,690.0,3.9,7,13,829,0,https://www.ikea.com/us/en/p/naemmaroe-4-seat-lounge-set-light-brown-stained-kuddarna-light-grey-beige-s89575400/
Naemmaroe 4 Seat Lounge Set Light Brown Stained Froesoen Duvholmen Beige S19584276,outdoor,890.0,3.9,7,12,886,0,https://www.ikea.com/us/en/p/naemmaroe-4-seat-lounge-set-light-brown-stained-froesoen-duvholmen-beige-s19584276/
Naemmaroe 4 Seat Conversation Set Outdoor Light Brown Stained S89579304,outdoor,490.0,3.9,7,10,718,0,https://www.ikea.com/us/en/p/naemmaroe-4-seat-conversation-set-outdoor-light-brown-stained-s89579304/
Naemmaroe Stool Outdoor Foldable Light Brown Stained,outdoor,40.0,4.8,676,7,2245,1,https://www.ikea.com/us/en/p/naemmaroe-stool-outdoor-foldable-light-brown-stained-70510300/
Naemmaroe Table 6 Armchairs Outdoor Light Brown Stained S79544386,outdoor,699.99,3.7,6,9,1247,0,https://www.ikea.com/us/en/p/naemmaroe-table-6-armchairs-outdoor-light-brown-stained-s79544386/
Naemmaroe Table 6 Reclining Chairs Outdoor Light Brown Stained Froesoen Duvholmen Beige S59534637,outdoor,1119.99,3.7,6,13,1471,0,https://www.ikea.com/us/en/p/naemmaroe-table-6-reclining-chairs-outdoor-light-brown-stained-froesoen-duvholmen-beige-s59534637/
Naemmaroe Table 6 Reclining Chairs Outdoor Light Brown Stained Kuddarna Light Grey Beige S19576083,outdoor,969.99,3.7,6,14,1141,0,https://www.ikea.com/us/en/p/naemmaroe-table-6-reclining-chairs-outdoor-light-brown-stained-kuddarna-light-grey-beige-s19576083/
Naemmaroe Table 6 Armchairs Outdoor Light Brown Stained Kuddarna Light Grey Beige S69576085,outdoor,789.99,3.7,6,13,1126,0,https://www.ikea.com/us/en/p/naemmaroe-table-6-armchairs-outdoor-light-brown-stained-kuddarna-light-grey-beige-s69576085/
Naemmaroe Vaesman Table 6 Armchairs Outdoor Light Brown Stained Brown S09544747,outdoor,759.99,3.7,6,11,1104,0,https://www.ikea.com/us/en/p/naemmaroe-vaesman-table-6-armchairs-outdoor-light-brown-stained-brown-s09544747/
Naemmaroe Table 6 Reclining Chairs Outdoor Light Brown Stained S99579313,outdoor,759.99,3.7,6,10,875,0,https://www.ikea.com/us/en/p/naemmaroe-table-6-reclining-chairs-outdoor-light-brown-stained-s99579313/
Naemmaroe Corner Sofa 4 Seat Outdoor Light Brown Stained Froesoen Duvholmen Beige S69611159,outdoor,1530.0,3.8,6,13,1326,0,https://www.ikea.com/us/en/p/naemmaroe-corner-sofa-4-seat-outdoor-light-brown-stained-froesoen-duvholmen-beige-s69611159/
Naemmaroe Corner Sofa 4 Seat Outdoor Light Brown Stained S59607596,outdoor,1020.0,3.8,6,10,1117,0,https://www.ikea.com/us/en/p/naemmaroe-corner-sofa-4-seat-outdoor-light-brown-stained-s59607596/
Naemmaroe Armchair Outdoor Light Brown Stained,outdoor,75.0,4.6,200,6,2122,1,https://www.ikea.com/us/en/p/naemmaroe-armchair-outdoor-light-brown-stained-90511105/
Naemmaroe Lounge Chair Outdoor Light Brown Stained Froesoen Duvholmen Beige S89609023,outdoor,210.0,4.8,32,11,861,0,https://www.ikea.com/us/en/p/naemmaroe-lounge-chair-outdoor-light-brown-stained-froesoen-duvholmen-beige-s89609023/
Naemmaroe Lounge Chair Outdoor Light Brown Stained Kuddarna Light Grey Beige S69575420,outdoor,160.0,4.8,32,12,811,0,https://www.ikea.com/us/en/p/naemmaroe-lounge-chair-outdoor-light-brown-stained-kuddarna-light-grey-beige-s69575420/
Naemmaroe Seat Sec For Modular Sofa Outdoor Light Brown Stained,outdoor,70.0,4.8,225,10,1885,1,https://www.ikea.com/us/en/p/naemmaroe-seat-sec-for-modular-sofa-outdoor-light-brown-stained-10510299/
Revskaer 3 Seat Conversation Set Anthracite Outdoor,outdoor,380.0,4.7,61,7,1517,0,https://www.ikea.com/us/en/p/revskaer-3-seat-conversation-set-anthracite-outdoor-50565505/
Skarpoe Armchair Outdoor Beige,outdoor,119.99,4.7,1034,4,1564,1,https://www.ikea.com/us/en/p/skarpoe-armchair-outdoor-beige-50575811/
Skarpoe Armchair Outdoor White,outdoor,119.99,4.7,1034,4,1586,1,https://www.ikea.com/us/en/p/skarpoe-armchair-outdoor-white-70234185/
Naemmaroe Storage Box Light Brown Stained Indoor Outdoor,outdoor,125.0,4.6,268,8,1950,1,https://www.ikea.com/us/en/p/naemmaroe-storage-box-light-brown-stained-indoor-outdoor-40532742/
Naemmaroe Bench With Backrest Outdoor Light Brown Stained,outdoor,145.0,4.6,226,8,2135,1,https://www.ikea.com/us/en/p/naemmaroe-bench-with-backrest-outdoor-light-brown-stained-30510302/
Naemmaroe Chaise Outdoor Light Brown Stained,outdoor,199.99,4.5,144,6,2144,0,https://www.ikea.com/us/en/p/naemmaroe-chaise-outdoor-light-brown-stained-30503354/
Naemmaroe Chaise Outdoor Light Brown Stained Froesoen Duvholmen Beige S29534889,outdoor,324.99,4.5,156,10,1835,0,https://www.ikea.com/us/en/p/naemmaroe-chaise-outdoor-light-brown-stained-froesoen-duvholmen-beige-s29534889/
Naemmaroe Chaise Outdoor Light Brown Stained Kuddarna Light Grey Beige S49576029,outdoor,249.99,4.5,156,11,1353,0,https://www.ikea.com/us/en/p/naemmaroe-chaise-outdoor-light-brown-stained-kuddarna-light-grey-beige-s49576029/
Tanebro Side Table Indoor Outdoor Pale Yellow,outdoor,29.99,4.7,140,7,1180,0,https://www.ikea.com/us/en/p/tanebro-side-table-indoor-outdoor-pale-yellow-70605162/
Tanebro Side Table Indoor Outdoor Anthracite,outdoor,29.99,4.7,140,6,1191,0,https://www.ikea.com/us/en/p/tanebro-side-table-indoor-outdoor-anthracite-60578970/
Tanebro Side Table Indoor Outdoor Light Grey Beige,outdoor,29.99,4.7,140,8,1194,0,https://www.ikea.com/us/en/p/tanebro-side-table-indoor-outdoor-light-grey-beige-60554988/
Naemmaroe Chair Outdoor Foldable Light Brown Stained,outdoor,50.0,4.5,203,7,2642,1,https://www.ikea.com/us/en/p/naemmaroe-chair-outdoor-foldable-light-brown-stained-50503353/
Helgeoe Decorating Rod For Table Black Adjustable Outdoor Indoor,outdoor,49.99,4.6,196,9,1323,1,https://www.ikea.com/us/en/p/helgeoe-decorating-rod-for-table-black-adjustable-outdoor-indoor-50562050/
Naemmaroe 3 Seat Sofa With Footstool Light Brown Stained Kuddarna Light Grey Beige S29576025,outdoor,650.0,5.0,8,14,767,0,https://www.ikea.com/us/en/p/naemmaroe-3-seat-sofa-with-footstool-light-brown-stained-kuddarna-light-grey-beige-s29576025/
Naemmaroe 3 Seat Sofa With Footstool Light Brown Stained Froesoen Duvholmen Beige S99610441,outdoor,865.0,5.0,8,13,952,0,https://www.ikea.com/us/en/p/naemmaroe-3-seat-sofa-with-footstool-light-brown-stained-froesoen-duvholmen-beige-s99610441/
Naemmaroe 3 Seat Sofa With Footstool Light Brown Stained S39579311,outdoor,430.0,5.0,8,10,653,0,https://www.ikea.com/us/en/p/naemmaroe-3-seat-sofa-with-footstool-light-brown-stained-s39579311/
Naemmaroe Bench Outdoor Light Brown Stained,outdoor,100.0,4.7,247,6,2128,1,https://www.ikea.com/us/en/p/naemmaroe-bench-outdoor-light-brown-stained-60510310/
Naemmaroe Table 2 Chairs And Bench Outdoor Light Brown Stained S39544374,outdoor,449.99,4.4,63,11,1423,0,https://www.ikea.com/us/en/p/naemmaroe-table-2-chairs-and-bench-outdoor-light-brown-stained-s39544374/
Naemmaroe Table And 4 Armchairs Outdoor Light Brown Stained S59544405,outdoor,499.99,4.4,63,10,1391,0,https://www.ikea.com/us/en/p/naemmaroe-table-and-4-armchairs-outdoor-light-brown-stained-s59544405/
Naemmaroe Table 2 Chairs And Bench Outdoor Light Brown Stained Kuddarna Light Grey Beige S09576069,outdoor,509.99,4.4,63,15,1373,0,https://www.ikea.com/us/en/p/naemmaroe-table-2-chairs-and-bench-outdoor-light-brown-stained-kuddarna-light-grey-beige-s09576069/
Naemmaroe Table And 4 Armchairs Outdoor Light Brown Stained Kuddarna Light Grey Beige S19576078,outdoor,559.99,4.4,63,14,1280,0,https://www.ikea.com/us/en/p/naemmaroe-table-and-4-armchairs-outdoor-light-brown-stained-kuddarna-light-grey-beige-s19576078/
Naemmaroe Table 2 Chairs And Bench Outdoor Light Brown Stained Froesoen Duvholmen Beige S99505398,outdoor,519.99,4.4,63,14,1901,0,https://www.ikea.com/us/en/p/naemmaroe-table-2-chairs-and-bench-outdoor-light-brown-stained-froesoen-duvholmen-beige-s99505398/
Naemmaroe Table And 4 Folding Chairs Outdoor Light Brown Stained S19544723,outdoor,399.99,4.4,63,11,1394,0,https://www.ikea.com/us/en/p/naemmaroe-table-and-4-folding-chairs-outdoor-light-brown-stained-s19544723/
Naemmaroe Vaesman Table And 4 Armchairs Outdoor Light Brown Stained Brown S49544745,outdoor,539.99,4.4,63,12,1257,0,https://www.ikea.com/us/en/p/naemmaroe-vaesman-table-and-4-armchairs-outdoor-light-brown-stained-brown-s49544745/
Naemmaroe Lounge Chair Outdoor Light Brown Stained,outdoor,110.0,4.8,100,7,1781,0,https://www.ikea.com/us/en/p/naemmaroe-lounge-chair-outdoor-light-brown-stained-40510306/
Askholmen Table For Wall Outdoor Folding Dark Brown,outdoor,29.99,4.8,99,8,1566,0,https://www.ikea.com/us/en/p/askholmen-table-for-wall-outdoor-folding-dark-brown-70557496/
Jolpen Loveseat Outdoor White Gray,outdoor,79.99,4.5,159,5,943,0,https://www.ikea.com/us/en/p/jolpen-loveseat-outdoor-white-gray-60515483/
Vaesman Ensholm Table 6 Chairs Outdoor Extendable Light Brown Stained Green S69581732,outdoor,619.99,5.0,8,12,818,0,https://www.ikea.com/us/en/p/vaesman-ensholm-table-6-chairs-outdoor-extendable-light-brown-stained-green-s69581732/
Vaesman Tallskaer Table 6 Armchairs Outdoor Extendable Light Brown Stained Anthracite Kuddarna Light Gray Beige S19584484,outdoor,1189.99,5.0,8,16,866,0,https://www.ikea.com/us/en/p/vaesman-tallskaer-table-6-armchairs-outdoor-extendable-light-brown-stained-anthracite-kuddarna-light-gray-beige-s19584484/
Vaesman Vaesman Table 6 Armchairs Outdoor Extendable Light Brown Stained Black S89582679,outdoor,799.99,5.0,8,12,806,0,https://www.ikea.com/us/en/p/vaesman-vaesman-table-6-armchairs-outdoor-extendable-light-brown-stained-black-s89582679/
Vaesman Vaesman Table 6 Armchairs Outdoor Extendable Light Brown Stained Brown S99581641,outdoor,799.99,5.0,8,12,806,0,https://www.ikea.com/us/en/p/vaesman-vaesman-table-6-armchairs-outdoor-extendable-light-brown-stained-brown-s99581641/
Vaesman Tallskaer Table 6 Armchairs Outdoor Extendable Light Brown Stained Anthracite S49582676,outdoor,1099.99,5.0,8,12,813,0,https://www.ikea.com/us/en/p/vaesman-tallskaer-table-6-armchairs-outdoor-extendable-light-brown-stained-anthracite-s49582676/
Mabaersskaer Coffee Table Outdoor Indoor White,outdoor,49.99,4.7,23,6,871,0,https://www.ikea.com/us/en/p/mabaersskaer-coffee-table-outdoor-indoor-white-30597164/
