category_url,product_url,name,price,rating,review_count,page_text_length
https://www.ikea.com/us/en/cat/bookcases-10382/,https://www.ikea.com/us/en/p/billy-bookcase-white-20522046/,Billy Bookcase White,79.0,4.6,3057,2395
https://www.ikea.com/us/en/cat/bookcases-10382/,https://www.ikea.com/us/en/p/billy-bookcase-black-oak-effect-40477340/,Billy Bookcase Black Oak Effect,89.0,4.6,3057,2955
https://www.ikea.com/us/en/cat/bookcases-10382/,https://www.ikea.com/us/en/p/billy-bookcase-brown-walnut-effect-50508652/,Billy Bookcase Brown Walnut Effect,89.0,4.6,3057,2988
https://www.ikea.com/us/en/cat/bookcases-10382/,https://www.ikea.com/us/en/p/billy-bookcase-oak-effect-10508932/,Billy Bookcase Oak Effect,89.0,4.6,3057,2981
https://www.ikea.com/us/en/cat/bookcases-10382/,https://www.ikea.com/us/en/p/billy-bookcase-dark-brown-oak-effect-80492782/,Billy Bookcase Dark Brown Oak Effect,89.0,4.6,3057,2968
https://www.ikea.com/us/en/cat/bookcases-10382/,https://www.ikea.com/us/en/p/billy-bookcase-white-50522040/,Billy Bookcase White,49.0,4.7,2184,1739
https://www.ikea.com/us/en/cat/bookcases-10382/,https://www.ikea.com/us/en/p/billy-bookcase-black-oak-effect-70477334/,Billy Bookcase Black Oak Effect,59.0,4.7,2184,2309
https://www.ikea.com/us/en/cat/bookcases-10382/,https://www.ikea.com/us/en/p/billy-bookcase-brown-walnut-effect-80508641/,Billy Bookcase Brown Walnut Effect,59.0,4.7,2184,2325
https://www.ikea.com/us/en/cat/bookcases-10382/,https://www.ikea.com/us/en/p/billy-bookcase-oak-effect-60477382/,Billy Bookcase Oak Effect,59.0,4.7,2184,2318
https://www.ikea.com/us/en/cat/bookcases-10382/,https://www.ikea.com/us/en/p/billy-bookcase-dark-brown-oak-effect-60492778/,Billy Bookcase Dark Brown Oak Effect,59.0,4.7,2184,2312
https://www.ikea.com/us/en/cat/bookcases-10382/,https://www.ikea.com/us/en/p/billy-bookcase-blue-40594928/,Billy Bookcase Blue,59.0,4.7,2184,1667
https://www.ikea.com/us/en/cat/bookcases-10382/,https://www.ikea.com/us/en/p/billy-bookcase-white-90522043/,Billy Bookcase White,49.0,4.6,1402,1622
https://www.ikea.com/us/en/cat/bookcases-10382/,https://www.ikea.com/us/en/p/billy-bookcase-brown-walnut-effect-30508648/,Billy Bookcase Brown Walnut Effect,59.0,4.6,1402,2263
https://www.ikea.com/us/en/cat/bookcases-10382/,https://www.ikea.com/us/en/p/billy-bookcase-black-oak-effect-00477337/,Billy Bookcase Black Oak Effect,59.0,4.6,1402,2215
https://www.ikea.com/us/en/cat/bookcases-10382/,https://www.ikea.com/us/en/p/billy-bookcase-oak-effect-90477385/,Billy Bookcase Oak Effect,59.0,4.6,1402,2254
https://www.ikea.com/us/en/cat/bookcases-10382/,https://www.ikea.com/us/en/p/billy-bookcase-dark-brown-oak-effect-40492779/,Billy Bookcase Dark Brown Oak Effect,59.0,4.6,1402,2234
https://www.ikea.com/us/en/cat/bookcases-10382/,https://www.ikea.com/us/en/p/brimnes-bookcase-white-90301225/,Brimnes Bookcase White,149.0,4.7,1192,1548
https://www.ikea.com/us/en/cat/bookcases-10382/,https://www.ikea.com/us/en/p/brimnes-bookcase-black-40301223/,Brimnes Bookcase Black,149.0,4.7,1192,1550
https://www.ikea.com/us/en/cat/bookcases-10382/,https://www.ikea.com/us/en/p/billy-bookcase-combination-crn-solution-white-s49581511/,Billy Bookcase Combination Crn Solution White S49581511,160.0,3.9,89,1700
https://www.ikea.com/us/en/cat/bookcases-10382/,https://www.ikea.com/us/en/p/baggebo-bookcase-white-20436713/,Baggebo Bookcase White,32.99,4.6,708,1624
https://www.ikea.com/us/en/cat/bookcases-10382/,https://www.ikea.com/us/en/p/billy-bookcase-white-s89581514/,Billy Bookcase White S89581514,158.0,4.7,948,1557
https://www.ikea.com/us/en/cat/bookcases-10382/,https://www.ikea.com/us/en/p/billy-bookcase-combination-brown-walnut-effect-s99581815/,Billy Bookcase Combination Brown Walnut Effect S99581815,178.0,4.7,947,1561
https://www.ikea.com/us/en/cat/bookcases-10382/,https://www.ikea.com/us/en/p/billy-bookcase-combination-dark-brown-oak-effect-s79581816/,Billy Bookcase Combination Dark Brown Oak Effect S79581816,178.0,4.7,948,1564
https://www.ikea.com/us/en/cat/bookcases-10382/,https://www.ikea.com/us/en/p/billy-bookcase-combination-oak-effect-s59581817/,Billy Bookcase Combination Oak Effect S59581817,178.0,4.7,948,1561
https://www.ikea.com/us/en/cat/bookcases-10382/,https://www.ikea.com/us/en/p/billy-bookcase-with-height-extension-unit-white-s59638673/,Billy Bookcase With Height Extension Unit White S59638673,109.0,4.6,291,984
https://www.ikea.com/us/en/cat/bookcases-10382/,https://www.ikea.com/us/en/p/billy-bookcase-with-height-extension-unit-brown-walnut-effect-s39581880/,Billy Bookcase With Height Extension Unit Brown Walnut Effect S39581880,124.0,4.6,291,970
https://www.ikea.com/us/en/cat/bookcases-10382/,https://www.ikea.com/us/en/p/billy-bookcase-with-height-extension-unit-dark-brown-oak-effect-s29581885/,Billy Bookcase With Height Extension Unit Dark Brown Oak Effect S29581885,124.0,4.6,291,974
https://www.ikea.com/us/en/cat/bookcases-10382/,https://www.ikea.com/us/en/p/billy-bookcase-with-height-extension-unit-oak-effect-s89581887/,Billy Bookcase With Height Extension Unit Oak Effect S89581887,124.0,4.6,291,965
https://www.ikea.com/us/en/cat/bookcases-10382/,https://www.ikea.com/us/en/p/billy-oxberg-bookcase-with-doors-white-s39581494/,Billy Oxberg Bookcase With Doors White S39581494,139.0,4.6,353,1339
https://www.ikea.com/us/en/cat/bookcases-10382/,https://www.ikea.com/us/en/p/billy-oxberg-bookcase-with-doors-brown-walnut-effect-s49483365/,Billy Oxberg Bookcase With Doors Brown Walnut Effect S49483365,159.0,4.6,353,1785
https://www.ikea.com/us/en/cat/bookcases-10382/,https://www.ikea.com/us/en/p/billy-oxberg-bookcase-with-doors-black-oak-effect-s79483364/,Billy Oxberg Bookcase With Doors Black Oak Effect S79483364,159.0,4.6,353,1785
https://www.ikea.com/us/en/cat/bookcases-10382/,https://www.ikea.com/us/en/p/billy-oxberg-bookcase-with-doors-oak-effect-s09483367/,Billy Oxberg Bookcase With Doors Oak Effect S09483367,159.0,4.6,353,1782
https://www.ikea.com/us/en/cat/bookcases-10382/,https://www.ikea.com/us/en/p/billy-oxberg-bookcase-with-doors-dark-brown-oak-effect-s29483366/,Billy Oxberg Bookcase With Doors Dark Brown Oak Effect S29483366,159.0,4.6,353,1781
https://www.ikea.com/us/en/cat/bookcases-10382/,https://www.ikea.com/us/en/p/billy-bookcase-with-glass-doors-dark-blue-20323805/,Billy Bookcase With Glass Doors Dark Blue,199.0,4.7,343,2134
https://www.ikea.com/us/en/cat/bookcases-10382/,https://www.ikea.com/us/en/p/billy-bookcase-combination-oak-effect-s59581822/,Billy Bookcase Combination Oak Effect S59581822,177.0,4.5,161,1727
https://www.ikea.com/us/en/cat/bookcases-10382/,https://www.ikea.com/us/en/p/billy-bookcase-combination-white-s19581517/,Billy Bookcase Combination White S19581517,147.0,4.5,161,1777
https://www.ikea.com/us/en/cat/bookcases-10382/,https://www.ikea.com/us/en/p/billy-bookcase-combination-dark-brown-oak-effect-s79581821/,Billy Bookcase Combination Dark Brown Oak Effect S79581821,177.0,4.5,161,1759
https://www.ikea.com/us/en/cat/bookcases-10382/,https://www.ikea.com/us/en/p/billy-bookcase-combination-brown-walnut-effect-s99581820/,Billy Bookcase Combination Brown Walnut Effect S99581820,177.0,4.5,161,1731
https://www.ikea.com/us/en/cat/bookcases-10382/,https://www.ikea.com/us/en/p/hemnes-bookcase-black-brown-light-brown-20452294/,Hemnes Bookcase Black Brown Light Brown,229.0,4.1,1304,2417
https://www.ikea.com/us/en/cat/bookcases-10382/,https://www.ikea.com/us/en/p/hemnes-bookcase-white-stain-90371765/,Hemnes Bookcase White Stain,189.0,4.1,1304,2416
https://www.ikea.com/us/en/cat/bookcases-10382/,https://www.ikea.com/us/en/p/hemnes-bookcase-white-stain-light-brown-60413502/,Hemnes Bookcase White Stain Light Brown,229.0,4.1,1304,2442
https://www.ikea.com/us/en/cat/bookcases-10382/,https://www.ikea.com/us/en/p/hemnes-bookcase-black-brown-20371764/,Hemnes Bookcase Black Brown,229.0,4.1,1304,2406
https://www.ikea.com/us/en/cat/bookcases-10382/,https://www.ikea.com/us/en/p/hemnes-bookcase-gray-green-light-brown-stained-40596159/,Hemnes Bookcase Gray Green Light Brown Stained,329.0,4.1,1304,2318
https://www.ikea.com/us/en/cat/bookcases-10382/,https://www.ikea.com/us/en/p/gersby-bookcase-white-70261131/,Gersby Bookcase White,59.0,4.6,1585,1878
https://www.ikea.com/us/en/cat/bookcases-10382/,https://www.ikea.com/us/en/p/billy-bookcase-with-height-extension-unit-brown-walnut-effect-s09581891/,Billy Bookcase With Height Extension Unit Brown Walnut Effect S09581891,89.0,4.7,262,1192
https://www.ikea.com/us/en/cat/bookcases-10382/,https://www.ikea.com/us/en/p/billy-bookcase-white-s89581509/,Billy Bookcase White S89581509,74.0,4.7,262,1184
https://www.ikea.com/us/en/cat/bookcases-10382/,https://www.ikea.com/us/en/p/billy-bookcase-with-height-extension-unit-dark-brown-oak-effect-s99581882/,Billy Bookcase With Height Extension Unit Dark Brown Oak Effect S99581882,89.0,4.7,262,1208
https://www.ikea.com/us/en/cat/bookcases-10382/,https://www.ikea.com/us/en/p/billy-bookcase-with-height-extension-unit-oak-effect-s59581884/,Billy Bookcase With Height Extension Unit Oak Effect S59581884,89.0,4.7,262,1187
https://www.ikea.com/us/en/cat/bookcases-10382/,https://www.ikea.com/us/en/p/baggebo-bookcase-white-70481171/,Baggebo Bookcase White,24.99,4.6,95,1283
https://www.ikea.com/us/en/cat/bookcases-10382/,https://www.ikea.com/us/en/p/billy-bookcase-white-10522037/,Billy Bookcase White,39.0,4.7,904,1502
https://www.ikea.com/us/en/cat/bookcases-10382/,https://www.ikea.com/us/en/p/billy-bookcase-birch-effect-20495830/,Billy Bookcase Birch Effect,49.0,4.7,904,1993
https://www.ikea.com/us/en/cat/bookcases-10382/,https://www.ikea.com/us/en/p/billy-bookcase-brown-walnut-effect-10508625/,Billy Bookcase Brown Walnut Effect,49.0,4.7,904,1994
https://www.ikea.com/us/en/cat/bookcases-10382/,https://www.ikea.com/us/en/p/billy-bookcase-black-oak-effect-30477331/,Billy Bookcase Black Oak Effect,49.0,4.7,904,1994
https://www.ikea.com/us/en/cat/bookcases-10382/,https://www.ikea.com/us/en/p/billy-bookcase-oak-effect-20477379/,Billy Bookcase Oak Effect,49.0,4.7,904,1989
https://www.ikea.com/us/en/cat/bookcases-10382/,https://www.ikea.com/us/en/p/billy-bookcase-dark-brown-oak-effect-00492757/,Billy Bookcase Dark Brown Oak Effect,49.0,4.7,904,1993
https://www.ikea.com/us/en/cat/bookcases-10382/,https://www.ikea.com/us/en/p/laiva-bookcase-black-brown-40178591/,Laiva Bookcase Black Brown,39.99,4.5,1423,1741
https://www.ikea.com/us/en/cat/bookcases-10382/,https://www.ikea.com/us/en/p/billy-bookcase-white-s59581515/,Billy Bookcase White S59581515,292.0,4.6,139,1277
https://www.ikea.com/us/en/cat/bookcases-10382/,https://www.ikea.com/us/en/p/billy-bookcase-comb-w-extension-units-brown-walnut-effect-s29483535/,Billy Bookcase Comb W Extension Units Brown Walnut Effect S29483535,337.0,4.6,140,1636
https://www.ikea.com/us/en/cat/bookcases-10382/,https://www.ikea.com/us/en/p/billy-bookcase-comb-w-extension-units-black-oak-effect-s59483534/,Billy Bookcase Comb W Extension Units Black Oak Effect S59483534,337.0,4.6,139,1636
https://www.ikea.com/us/en/cat/bookcases-10382/,https://www.ikea.com/us/en/p/billy-bookcase-comb-w-extension-units-dark-brown-oak-effect-s09483536/,Billy Bookcase Comb W Extension Units Dark Brown Oak Effect S09483536,337.0,4.6,140,1625
https://www.ikea.com/us/en/cat/bookcases-10382/,https://www.ikea.com/us/en/p/billy-bookcase-comb-w-extension-units-oak-effect-s89483537/,Billy Bookcase Comb W Extension Units Oak Effect S89483537,337.0,4.6,139,1631
https://www.ikea.com/us/en/cat/tables-desks-fu004/,https://www.ikea.com/us/en/p/mittplan-desk-with-add-on-unit-white-30630776/,Mittplan Desk With Add On Unit White,249.99,0.0,0,733
https://www.ikea.com/us/en/cat/tables-desks-fu004/,https://www.ikea.com/us/en/p/centerhalv-office-chair-black-10601124/,Centerhalv Office Chair Black,199.99,5.0,2,1017
https://www.ikea.com/us/en/cat/tables-desks-fu004/,https://www.ikea.com/us/en/p/bollsidan-desk-sit-stand-electric-white-90609814/,Bollsidan Desk Sit Stand Electric White,299.99,3.5,19,1482
https://www.ikea.com/us/en/cat/tables-desks-fu004/,https://www.ikea.com/us/en/p/markus-office-chair-vissle-dark-gray-50588804/,Markus Office Chair Vissle Dark Gray,329.99,4.5,50,1536
https://www.ikea.com/us/en/cat/tables-desks-fu004/,https://www.ikea.com/us/en/p/trotten-desk-sit-stand-beige-white-s89434127/,Trotten Desk Sit Stand Beige White S89434127,249.99,4.6,505,2608
https://www.ikea.com/us/en/cat/tables-desks-fu004/,https://www.ikea.com/us/en/p/langfjaell-conference-chair-with-armrests-gunnared-beige-white-s89252768/,Langfjaell Conference Chair With Armrests Gunnared Beige White S89252768,279.99,4.3,166,1798
https://www.ikea.com/us/en/cat/tables-desks-fu004/,https://www.ikea.com/us/en/p/micke-desk-black-brown-60244745/,Micke Desk Black Brown,99.99,4.5,2186,1940
https://www.ikea.com/us/en/cat/tables-desks-fu004/,https://www.ikea.com/us/en/p/renberget-swivel-chair-bomstad-black-40611094/,Renberget Swivel Chair Bomstad Black,89.99,4.4,1142,1208
https://www.ikea.com/us/en/cat/tables-desks-fu004/,https://www.ikea.com/us/en/p/langfjaell-conference-chair-gunnared-dark-gray-white-s79252387/,Langfjaell Conference Chair Gunnared Dark Gray White S79252387,249.99,4.4,518,2123
https://www.ikea.com/us/en/cat/tables-desks-fu004/,https://www.ikea.com/us/en/p/groenfjaell-office-chair-with-armrests-letafors-gray-black-00503478/,Groenfjaell Office Chair With Armrests Letafors Gray Black,449.99,3.4,53,1302
https://www.ikea.com/us/en/cat/tables-desks-fu004/,https://www.ikea.com/us/en/p/laektare-conference-chair-medium-gray-black-s89503267/,Laektare Conference Chair Medium Gray Black S89503267,119.99,4.6,8,1535
https://www.ikea.com/us/en/cat/tables-desks-fu004/,https://www.ikea.com/us/en/p/groenfjaell-office-chair-with-arm-headrest-letafors-gray-black-s69513917/,Groenfjaell Office Chair With Arm Headrest Letafors Gray Black S69513917,529.99,3.8,53,1582
https://www.ikea.com/us/en/cat/sofas-fu003/,https://www.ikea.com/us/en/p/glostad-sofa-knisa-dark-gray-40595942/,Glostad Sofa Knisa Dark Gray,199.0,3.9,62,1984
https://www.ikea.com/us/en/cat/sofas-fu003/,https://www.ikea.com/us/en/p/glostad-sofa-with-chaise-knisa-dark-gray-s69578602/,Glostad Sofa With Chaise Knisa Dark Gray S69578602,249.0,3.5,32,1157
https://www.ikea.com/us/en/cat/sofas-fu003/,https://www.ikea.com/us/en/p/stockholm-2025-sofa-sundhamn-beige-00586096/,Stockholm 2025 Sofa Sundhamn Beige,1799.0,4.4,83,1948
https://www.ikea.com/us/en/cat/sofas-fu003/,https://www.ikea.com/us/en/p/uppland-sofa-hakebo-dark-gray-s59442478/,Uppland Sofa Hakebo Dark Gray S59442478,849.0,3.7,186,2386
https://www.ikea.com/us/en/cat/sofas-fu003/,https://www.ikea.com/us/en/p/uppland-sofa-blekinge-white-s19384116/,Uppland Sofa Blekinge White S19384116,899.0,3.7,186,2516
https://www.ikea.com/us/en/cat/sofas-fu003/,https://www.ikea.com/us/en/p/uppland-sofa-kilanda-light-beige-s39442484/,Uppland Sofa Kilanda Light Beige S39442484,899.0,3.7,186,2400
https://www.ikea.com/us/en/cat/sofas-fu003/,https://www.ikea.com/us/en/p/uppland-sofa-kelinge-beige-s79499968/,Uppland Sofa Kelinge Beige S79499968,949.0,3.7,186,2384
https://www.ikea.com/us/en/cat/sofas-fu003/,https://www.ikea.com/us/en/p/uppland-sofa-hakebo-gray-green-s19442480/,Uppland Sofa Hakebo Gray Green S19442480,849.0,3.7,186,2383
https://www.ikea.com/us/en/cat/sofas-fu003/,https://www.ikea.com/us/en/p/uppland-sofa-kilanda-dark-blue-s79442482/,Uppland Sofa Kilanda Dark Blue S79442482,899.0,3.7,186,2400
https://www.ikea.com/us/en/cat/sofas-fu003/,https://www.ikea.com/us/en/p/uppland-sofa-kelinge-rust-s39499970/,Uppland Sofa Kelinge Rust S39499970,949.0,3.7,186,2384
https://www.ikea.com/us/en/cat/sofas-fu003/,https://www.ikea.com/us/en/p/klippan-loveseat-tingetorp-yellow-white-floral-pattern-s69589993/,Klippan Loveseat Tingetorp Yellow White Floral Pattern S69589993,329.0,4.0,268,1917
https://www.ikea.com/us/en/cat/sofas-fu003/,https://www.ikea.com/us/en/p/klippan-loveseat-vissle-gray-s09010617/,Klippan Loveseat Vissle Gray S09010617,299.0,4.0,268,2018
https://www.ikea.com/us/en/cat/sofas-fu003/,https://www.ikea.com/us/en/p/klippan-loveseat-vissle-green-s09561666/,Klippan Loveseat Vissle Green S09561666,299.0,4.0,268,2036
https://www.ikea.com/us/en/cat/sofas-fu003/,https://www.ikea.com/us/en/p/klippan-loveseat-langban-bright-yellow-s39564277/,Klippan Loveseat Langban Bright Yellow S39564277,349.0,4.0,268,2202
https://www.ikea.com/us/en/cat/sofas-fu003/,https://www.ikea.com/us/en/p/kivik-sectional-4-seat-with-chaise-tibbleby-beige-gray-s89440581/,Kivik Sectional 4 Seat With Chaise Tibbleby Beige Gray S89440581,1249.0,3.9,148,2976
https://www.ikea.com/us/en/cat/sofas-fu003/,https://www.ikea.com/us/en/p/kivik-sectional-4-seat-with-chaise-tresund-anthracite-s69494382/,Kivik Sectional 4 Seat With Chaise Tresund Anthracite S69494382,1399.0,3.9,148,2971
https://www.ikea.com/us/en/cat/sofas-fu003/,https://www.ikea.com/us/en/p/kivik-sectional-4-seat-with-chaise-tresund-light-beige-s79494391/,Kivik Sectional 4 Seat With Chaise Tresund Light Beige S79494391,1399.0,3.9,148,2981
https://www.ikea.com/us/en/cat/sofas-fu003/,https://www.ikea.com/us/en/p/kivik-sectional-4-seat-with-chaise-kelinge-gray-turquoise-s49443063/,Kivik Sectional 4 Seat With Chaise Kelinge Gray Turquoise S49443063,1299.0,3.9,148,2981
https://www.ikea.com/us/en/cat/sofas-fu003/,https://www.ikea.com/us/en/p/kivik-sectional-4-seat-with-chaise-gunnared-beige-s59499714/,Kivik Sectional 4 Seat With Chaise Gunnared Beige S59499714,1399.0,3.9,148,3023
https://www.ikea.com/us/en/cat/sofas-fu003/,https://www.ikea.com/us/en/p/kivik-sectional-4-seat-with-chaise-gunnared-blue-s29499715/,Kivik Sectional 4 Seat With Chaise Gunnared Blue S29499715,1399.0,3.9,148,3016
https://www.ikea.com/us/en/cat/sofas-fu003/,https://www.ikea.com/us/en/p/kivik-sectional-4-seat-with-chaise-tallmyra-dark-green-s09499721/,Kivik Sectional 4 Seat With Chaise Tallmyra Dark Green S09499721,1499.0,3.9,148,3014
https://www.ikea.com/us/en/cat/sofas-fu003/,https://www.ikea.com/us/en/p/finnala-sofa-gunnared-beige-s19319060/,Finnala Sofa Gunnared Beige S19319060,1019.0,3.8,41,2757
https://www.ikea.com/us/en/cat/sofas-fu003/,https://www.ikea.com/us/en/p/finnala-sofa-tallmyra-black-gray-s49319068/,Finnala Sofa Tallmyra Black Gray S49319068,999.0,3.8,41,2853
https://www.ikea.com/us/en/cat/sofas-fu003/,https://www.ikea.com/us/en/p/finnala-sofa-gunnared-medium-gray-s79319062/,Finnala Sofa Gunnared Medium Gray S79319062,1019.0,3.8,41,2766
https://www.ikea.com/us/en/cat/sofas-fu003/,https://www.ikea.com/us/en/p/kivik-sofa-tresund-light-beige-s19482838/,Kivik Sofa Tresund Light Beige S19482838,899.0,4.1,507,3031
https://www.ikea.com/us/en/cat/sofas-fu003/,https://www.ikea.com/us/en/p/kivik-sofa-tibbleby-beige-gray-s39440593/,Kivik Sofa Tibbleby Beige Gray S39440593,799.0,4.1,507,3002
https://www.ikea.com/us/en/cat/sofas-fu003/,https://www.ikea.com/us/en/p/kivik-sofa-kelinge-gray-turquoise-s59443053/,Kivik Sofa Kelinge Gray Turquoise S59443053,849.0,4.1,507,3001
https://www.ikea.com/us/en/cat/sofas-fu003/,https://www.ikea.com/us/en/p/kivik-sofa-gunnared-beige-s89499703/,Kivik Sofa Gunnared Beige S89499703,899.0,4.1,507,3049
https://www.ikea.com/us/en/cat/sofas-fu003/,https://www.ikea.com/us/en/p/kivik-sofa-tresund-anthracite-s39482837/,Kivik Sofa Tresund Anthracite S39482837,899.0,4.1,507,3003
https://www.ikea.com/us/en/cat/sofas-fu003/,https://www.ikea.com/us/en/p/kivik-sofa-tallmyra-dark-green-s39499710/,Kivik Sofa Tallmyra Dark Green S39499710,949.0,4.1,507,3043
https://www.ikea.com/us/en/cat/sofas-fu003/,https://www.ikea.com/us/en/p/kivik-sofa-gunnared-blue-s69499704/,Kivik Sofa Gunnared Blue S69499704,899.0,4.1,507,3049
https://www.ikea.com/us/en/cat/sofas-fu003/,https://www.ikea.com/us/en/p/hyltarp-sofa-gransel-natural-s69489639/,Hyltarp Sofa Gransel Natural S69489639,1199.0,4.2,132,3148
https://www.ikea.com/us/en/cat/sofas-fu003/,https://www.ikea.com/us/en/p/hyltarp-sofa-hallarp-white-s39489645/,Hyltarp Sofa Hallarp White S39489645,1149.0,4.2,132,3124
https://www.ikea.com/us/en/cat/sofas-fu003/,https://www.ikea.com/us/en/p/hyltarp-sofa-hemmesta-light-beige-s59514941/,Hyltarp Sofa Hemmesta Light Beige S59514941,1249.0,4.2,132,3131
https://www.ikea.com/us/en/cat/sofas-fu003/,https://www.ikea.com/us/en/p/hyltarp-sofa-tallmyra-dark-green-s29514952/,Hyltarp Sofa Tallmyra Dark Green S29514952,1249.0,4.2,132,3131
https://www.ikea.com/us/en/cat/sofas-fu003/,https://www.ikea.com/us/en/p/hyltarp-sofa-tallmyra-blue-s49514946/,Hyltarp Sofa Tallmyra Blue S49514946,1249.0,4.2,132,3128
https://www.ikea.com/us/en/cat/sofas-fu003/,https://www.ikea.com/us/en/p/hyltarp-sofa-kilanda-pale-blue-s19489651/,Hyltarp Sofa Kilanda Pale Blue S19489651,1149.0,4.2,132,3135
https://www.ikea.com/us/en/cat/sofas-fu003/,https://www.ikea.com/us/en/p/hyltarp-sofa-gransel-gray-s89514930/,Hyltarp Sofa Gransel Gray S89514930,1199.0,4.2,132,3149
https://www.ikea.com/us/en/cat/sofas-fu003/,https://www.ikea.com/us/en/p/kivik-sofa-grann-bomstad-black-80519531/,Kivik Sofa Grann Bomstad Black,1299.0,4.3,61,2159
https://www.ikea.com/us/en/cat/sofas-fu003/,https://www.ikea.com/us/en/p/saltsjoebaden-3-seat-sofa-tonerud-gray-s89579196/,Saltsjoebaden 3 Seat Sofa Tonerud Gray S89579196,549.0,4.6,22,1925
https://www.ikea.com/us/en/cat/sofas-fu003/,https://www.ikea.com/us/en/p/saltsjoebaden-3-seat-sofa-tonerud-gray-s29627529/,Saltsjoebaden 3 Seat Sofa Tonerud Gray S29627529,549.0,4.6,22,2030
https://www.ikea.com/us/en/cat/sofas-fu003/,https://www.ikea.com/us/en/p/saltsjoebaden-3-seat-sofa-blekinge-white-s79579192/,Saltsjoebaden 3 Seat Sofa Blekinge White S79579192,499.0,4.6,22,1938
https://www.ikea.com/us/en/cat/sofas-fu003/,https://www.ikea.com/us/en/p/saltsjoebaden-3-seat-sofa-fridtuna-light-beige-s59599935/,Saltsjoebaden 3 Seat Sofa Fridtuna Light Beige S59599935,599.0,4.6,22,1962
https://www.ikea.com/us/en/cat/sofas-fu003/,https://www.ikea.com/us/en/p/saltsjoebaden-3-seat-sofa-tonerud-gray-s19622565/,Saltsjoebaden 3 Seat Sofa Tonerud Gray S19622565,549.0,4.7,23,1934
https://www.ikea.com/us/en/cat/sofas-fu003/,https://www.ikea.com/us/en/p/saltsjoebaden-3-seat-sofa-tonerud-red-brown-s49627533/,Saltsjoebaden 3 Seat Sofa Tonerud Red Brown S49627533,549.0,4.7,23,1960
https://www.ikea.com/us/en/cat/sofas-fu003/,https://www.ikea.com/us/en/p/saltsjoebaden-3-seat-sofa-fridtuna-light-beige-s49627509/,Saltsjoebaden 3 Seat Sofa Fridtuna Light Beige S49627509,599.0,4.7,23,2012
https://www.ikea.com/us/en/cat/sofas-fu003/,https://www.ikea.com/us/en/p/glostad-loveseat-knisa-dark-gray-70489011/,Glostad Loveseat Knisa Dark Gray,169.0,4.5,609,2515
https://www.ikea.com/us/en/cat/sofas-fu003/,https://www.ikea.com/us/en/p/morabo-sofa-gunnared-dark-gray-wood-s89318321/,Morabo Sofa Gunnared Dark Gray Wood S89318321,799.0,4.1,168,2560
https://www.ikea.com/us/en/cat/sofas-fu003/,https://www.ikea.com/us/en/p/morabo-sofa-gunnared-light-green-wood-s09318339/,Morabo Sofa Gunnared Light Green Wood S09318339,799.0,4.1,168,2558
https://www.ikea.com/us/en/cat/sofas-fu003/,https://www.ikea.com/us/en/p/morabo-sofa-gunnared-dark-gray-metal-s09318320/,Morabo Sofa Gunnared Dark Gray Metal S09318320,799.0,4.1,168,2560
https://www.ikea.com/us/en/cat/sofas-fu003/,https://www.ikea.com/us/en/p/morabo-sofa-djuparp-dark-blue-wood-s19416508/,Morabo Sofa Djuparp Dark Blue Wood S19416508,699.0,4.1,168,2809
https://www.ikea.com/us/en/cat/sofas-fu003/,https://www.ikea.com/us/en/p/morabo-sofa-gunnared-light-green-metal-s29318338/,Morabo Sofa Gunnared Light Green Metal S29318338,799.0,4.1,168,2557
https://www.ikea.com/us/en/cat/sofas-fu003/,https://www.ikea.com/us/en/p/morabo-sofa-djuparp-dark-blue-metal-s39416507/,Morabo Sofa Djuparp Dark Blue Metal S39416507,699.0,4.1,168,2808
https://www.ikea.com/us/en/cat/sofas-fu003/,https://www.ikea.com/us/en/p/linanaes-sofa-with-chaise-vissle-dark-gray-70512243/,Linanaes Sofa With Chaise Vissle Dark Gray,499.0,3.1,110,2320
https://www.ikea.com/us/en/cat/sofas-fu003/,https://www.ikea.com/us/en/p/linanaes-sofa-with-chaise-vissle-beige-60512234/,Linanaes Sofa With Chaise Vissle Beige,499.0,3.0,116,2318
https://www.ikea.com/us/en/cat/sofas-fu003/,https://www.ikea.com/us/en/p/friheten-klagshamn-sleeper-sectional-3-seat-w-storage-faringe-light-gray-s49520240/,Friheten Klagshamn Sleeper Sectional 3 Seat W Storage Faringe Light Gray S49520240,1099.0,4.4,272,1873
https://www.ikea.com/us/en/cat/sofas-fu003/,https://www.ikea.com/us/en/p/friheten-klagshamn-sleeper-sectional-3-seat-w-storage-skiftebo-dark-gray-s29580739/,Friheten Klagshamn Sleeper Sectional 3 Seat W Storage Skiftebo Dark Gray S29580739,1099.0,4.4,272,1906
https://www.ikea.com/us/en/cat/sofas-fu003/,https://www.ikea.com/us/en/p/friheten-klagshamn-sleeper-sectional-3-seat-w-storage-faringe-brown-orange-s19520246/,Friheten Klagshamn Sleeper Sectional 3 Seat W Storage Faringe Brown Orange S19520246,1099.0,4.4,272,1880
https://www.ikea.com/us/en/cat/sofas-fu003/,https://www.ikea.com/us/en/p/klippan-loveseat-bomstad-black-50399318/,Klippan Loveseat Bomstad Black,449.0,4.2,174,1886
https://www.ikea.com/us/en/cat/sofas-fu003/,https://www.ikea.com/us/en/p/saltmyran-sofa-oereryd-gray-beige-50618518/,Saltmyran Sofa Oereryd Gray Beige,399.0,4.5,11,1105
https://www.ikea.com/us/en/cat/sofas-fu003/,https://www.ikea.com/us/en/p/saltmyran-sofa-oereryd-blue-70618522/,Saltmyran Sofa Oereryd Blue,399.0,4.5,11,1110
https://www.ikea.com/us/en/cat/sofas-fu003/,https://www.ikea.com/us/en/p/saltsjoebaden-sofa-with-chaise-tonerud-gray-s19579208/,Saltsjoebaden Sofa With Chaise Tonerud Gray S19579208,749.0,4.5,10,1455
https://www.ikea.com/us/en/cat/beds-bm003/,https://www.ikea.com/us/en/p/slattum-upholstered-bed-frame-vissle-dark-gray-70571256/,Slattum Upholstered Bed Frame Vissle Dark Gray,149.0,4.2,469,2100
https://www.ikea.com/us/en/cat/beds-bm003/,https://www.ikea.com/us/en/p/malm-high-bed-frame-2-storage-boxes-dark-brown-veneer-luroey-s79574378/,Malm High Bed Frame 2 Storage Boxes Dark Brown Veneer Luroey S79574378,399.0,4.1,941,2588
https://www.ikea.com/us/en/cat/beds-bm003/,https://www.ikea.com/us/en/p/ramnefjaell-upholstered-bed-frame-kilanda-light-beige-luroey-s29560208/,Ramnefjaell Upholstered Bed Frame Kilanda Light Beige Luroey S29560208,299.0,4.3,198,2784
https://www.ikea.com/us/en/cat/beds-bm003/,https://www.ikea.com/us/en/p/neiden-bed-frame-pine-luroey-s79248606/,Neiden Bed Frame Pine Luroey S79248606,99.0,3.9,791,2283
https://www.ikea.com/us/en/cat/beds-bm003/,https://www.ikea.com/us/en/p/tarva-bed-frame-pine-luroey-s29007794/,Tarva Bed Frame Pine Luroey S29007794,179.0,4.0,760,2525
https://www.ikea.com/us/en/cat/beds-bm003/,https://www.ikea.com/us/en/p/songesand-bed-frame-brown-luroey-s59241069/,Songesand Bed Frame Brown Luroey S59241069,299.0,4.1,817,2561
https://www.ikea.com/us/en/cat/beds-bm003/,https://www.ikea.com/us/en/p/stjaernoe-bed-frame-anthracite-40570183/,Stjaernoe Bed Frame Anthracite,199.0,4.6,103,1874
https://www.ikea.com/us/en/cat/beds-bm003/,https://www.ikea.com/us/en/p/brimnes-bed-frame-with-storage-headboard-black-luroey-s49129600/,Brimnes Bed Frame With Storage Headboard Black Luroey S49129600,499.0,4.2,1164,2747
https://www.ikea.com/us/en/cat/beds-bm003/,https://www.ikea.com/us/en/p/malm-bed-frame-dark-brown-veneer-luroey-s49574365/,Malm Bed Frame Dark Brown Veneer Luroey S49574365,299.0,4.0,1415,2125
https://www.ikea.com/us/en/cat/beds-bm003/,https://www.ikea.com/us/en/p/vihals-bed-frame-white-20602458/,Vihals Bed Frame White,129.0,3.4,104,1372
https://www.ikea.com/us/en/cat/beds-bm003/,https://www.ikea.com/us/en/p/radmansoe-bed-frame-brown-walnut-effect-luroey-s29598635/,Radmansoe Bed Frame Brown Walnut Effect Luroey S29598635,259.0,3.8,15,1649
https://www.ikea.com/us/en/cat/beds-bm003/,https://www.ikea.com/us/en/p/vihals-bed-frame-with-2-storage-boxes-white-luroey-s09581985/,Vihals Bed Frame With 2 Storage Boxes White Luroey S09581985,209.0,3.1,26,1160
https://www.ikea.com/us/en/cat/beds-bm003/,https://www.ikea.com/us/en/p/mandal-bed-frame-with-storage-birch-white-30280481/,Mandal Bed Frame With Storage Birch White,549.0,4.4,199,1802
https://www.ikea.com/us/en/cat/beds-bm003/,https://www.ikea.com/us/en/p/gladstad-upholstered-bed-frame-kabusa-light-gray-00490466/,Gladstad Upholstered Bed Frame Kabusa Light Gray,249.0,3.8,135,1800
https://www.ikea.com/us/en/cat/beds-bm003/,https://www.ikea.com/us/en/p/vevelstad-bed-frame-white-50506436/,Vevelstad Bed Frame White,149.0,4.4,261,1720
https://www.ikea.com/us/en/cat/beds-bm003/,https://www.ikea.com/us/en/p/songesand-bed-frame-with-2-storage-boxes-white-luroey-s99241265/,Songesand Bed Frame With 2 Storage Boxes White Luroey S99241265,299.0,4.1,528,2057
https://www.ikea.com/us/en/cat/beds-bm003/,https://www.ikea.com/us/en/p/mandal-bed-frame-with-headboard-birch-white-s89094948/,Mandal Bed Frame With Headboard Birch White S89094948,799.0,4.6,65,1100
https://www.ikea.com/us/en/cat/beds-bm003/,https://www.ikea.com/us/en/p/neiden-bed-frame-pine-luroey-s59248607/,Neiden Bed Frame Pine Luroey S59248607,79.0,4.1,853,2009
https://www.ikea.com/us/en/cat/beds-bm003/,https://www.ikea.com/us/en/p/kleppstad-bed-frame-white-vissle-beige-00492682/,Kleppstad Bed Frame White Vissle Beige,199.0,4.5,310,2013
https://www.ikea.com/us/en/cat/beds-bm003/,https://www.ikea.com/us/en/p/hemnes-bed-frame-white-stain-luroey-s69007848/,Hemnes Bed Frame White Stain Luroey S69007848,479.0,3.1,762,2838
https://www.ikea.com/us/en/cat/beds-bm003/,https://www.ikea.com/us/en/p/brimnes-bed-frame-with-storage-white-luroey-s09069764/,Brimnes Bed Frame With Storage White Luroey S09069764,369.0,4.3,1851,2758
https://www.ikea.com/us/en/cat/beds-bm003/,https://www.ikea.com/us/en/p/malm-storage-bed-white-70404818/,Malm Storage Bed White,549.0,4.6,1329,2282
https://www.ikea.com/us/en/cat/beds-bm003/,https://www.ikea.com/us/en/p/slattum-upholstered-bed-frame-vissle-dark-gray-incl-slipcover-for-headboard-oereryd-gray-beige-s39613490/,Slattum Upholstered Bed Frame Vissle Dark Gray Incl Slipcover For Headboard Oereryd Gray Beige S39613490,163.99,5.0,1,942
https://www.ikea.com/us/en/cat/beds-bm003/,https://www.ikea.com/us/en/p/nordli-bed-with-headboard-and-storage-anthracite-s79241412/,Nordli Bed With Headboard And Storage Anthracite S79241412,899.0,4.5,292,2427
https://www.ikea.com/us/en/cat/beds-bm003/,https://www.ikea.com/us/en/p/valevag-pocket-spring-mattress-medium-firm-white-50511857/,Valevag Pocket Spring Mattress Medium Firm White,349.0,4.0,3254,2444
https://www.ikea.com/us/en/cat/beds-bm003/,https://www.ikea.com/us/en/p/vagstranda-pocket-spring-mattress-medium-firm-white-30511877/,Vagstranda Pocket Spring Mattress Medium Firm White,499.0,4.0,1473,2751
https://www.ikea.com/us/en/cat/beds-bm003/,https://www.ikea.com/us/en/p/asbygda-foam-mattress-firm-white-10481503/,Asbygda Foam Mattress Firm White,249.0,3.5,98,1848
https://www.ikea.com/us/en/cat/beds-bm003/,https://www.ikea.com/us/en/p/abrotten-foam-mattress-medium-firm-white-40481686/,Abrotten Foam Mattress Medium Firm White,449.0,3.4,164,2463
https://www.ikea.com/us/en/cat/chairs-fu002/,https://www.ikea.com/us/en/p/bergshyttan-bergshyttan-table-and-2-benches-dark-brown-ash-veneer-tinted-effect-birch-veneer-s49608412/,Bergshyttan Bergshyttan Table And 2 Benches Dark Brown Ash Veneer Tinted Effect Birch Veneer S49608412,799.99,5.0,3,1122
https://www.ikea.com/us/en/cat/chairs-fu002/,https://www.ikea.com/us/en/p/ramsnaes-chair-anthracite-vissle-dark-gray-50636447/,Ramsnaes Chair Anthracite Vissle Dark Gray,100.0,5.0,2,1005
https://www.ikea.com/us/en/cat/chairs-fu002/,https://www.ikea.com/us/en/p/skogsta-table-counter-height-acacia-black-90620680/,Skogsta Table Counter Height Acacia Black,349.99,4.8,5,846
https://www.ikea.com/us/en/cat/chairs-fu002/,https://www.ikea.com/us/en/p/skogsta-bar-stool-with-backrest-counter-height-acacia-50620677/,Skogsta Bar Stool With Backrest Counter Height Acacia,95.0,4.9,7,1058
https://www.ikea.com/us/en/cat/chairs-fu002/,https://www.ikea.com/us/en/p/skogsta-ramsnaes-table-and-6-chairs-acacia-black-anthracite-vissle-dark-gray-s39623719/,Skogsta Ramsnaes Table And 6 Chairs Acacia Black Anthracite Vissle Dark Gray S39623719,1249.99,4.8,20,1964
https://www.ikea.com/us/en/cat/chairs-fu002/,https://www.ikea.com/us/en/p/skalsta-chair-plastic-red-tubular-metal-black-gray-s29608465/,Skalsta Chair Plastic Red Tubular Metal Black Gray S29608465,55.0,5.0,2,1117
https://www.ikea.com/us/en/cat/chairs-fu002/,https://www.ikea.com/us/en/p/skogsta-ramsnaes-table-and-4-chairs-acacia-anthracite-vissle-dark-gray-s19623715/,Skogsta Ramsnaes Table And 4 Chairs Acacia Anthracite Vissle Dark Gray S19623715,799.99,5.0,1,1285
https://www.ikea.com/us/en/cat/chairs-fu002/,https://www.ikea.com/us/en/p/skogsta-skogsta-table-and-6-chairs-acacia-black-s19545124/,Skogsta Skogsta Table And 6 Chairs Acacia Black S19545124,1069.99,4.8,20,1924
https://www.ikea.com/us/en/cat/chairs-fu002/,https://www.ikea.com/us/en/p/haegernaes-table-and-4-chairs-antique-stain-pine-70575947/,Haegernaes Table And 4 Chairs Antique Stain Pine,259.99,4.7,440,1890
https://www.ikea.com/us/en/cat/chairs-fu002/,https://www.ikea.com/us/en/p/tonstad-tonstad-table-and-4-chairs-brown-oak-veneer-brown-oak-effect-fridtuna-light-beige-s39602255/,Tonstad Tonstad Table And 4 Chairs Brown Oak Veneer Brown Oak Effect Fridtuna Light Beige S39602255,539.99,5.0,2,1183
https://www.ikea.com/us/en/cat/chairs-fu002/,https://www.ikea.com/us/en/p/stockholm-2025-stockholm-2025-table-and-6-chairs-oak-veneer-oak-leather-s09606617/,Stockholm 2025 Stockholm 2025 Table And 6 Chairs Oak Veneer Oak Leather S09606617,2349.99,5.0,1,891
https://www.ikea.com/us/en/cat/chairs-fu002/,https://www.ikea.com/us/en/p/skansnaes-skansnaes-table-and-4-chairs-brown-beech-brown-beech-s09561633/,Skansnaes Skansnaes Table And 4 Chairs Brown Beech Brown Beech S09561633,1299.99,3.7,3,1658
https://www.ikea.com/us/en/cat/chairs-fu002/,https://www.ikea.com/us/en/p/tonstad-tonstad-table-and-6-chairs-oak-veneer-oak-effect-fridtuna-light-beige-s49602189/,Tonstad Tonstad Table And 6 Chairs Oak Veneer Oak Effect Fridtuna Light Beige S49602189,829.99,5.0,1,1375
https://www.ikea.com/us/en/cat/chairs-fu002/,https://www.ikea.com/us/en/p/lisabo-lisabo-table-and-4-chairs-ash-veneer-ash-s49385529/,Lisabo Lisabo Table And 4 Chairs Ash Veneer Ash S49385529,619.99,4.8,66,1208
https://www.ikea.com/us/en/cat/dressers-storage-drawers-st004/,https://www.ikea.com/us/en/p/storklinta-6-drawer-dresser-white-anchor-unlock-function-60561248/,Storklinta 6 Drawer Dresser White Anchor Unlock Function,249.99,4.0,261,2540
https://www.ikea.com/us/en/cat/dressers-storage-drawers-st004/,https://www.ikea.com/us/en/p/storklinta-6-drawer-dresser-oak-effect-anchor-unlock-function-00561246/,Storklinta 6 Drawer Dresser Oak Effect Anchor Unlock Function,279.99,4.0,261,2472
https://www.ikea.com/us/en/cat/dressers-storage-drawers-st004/,https://www.ikea.com/us/en/p/storklinta-6-drawer-dresser-dark-brown-oak-effect-anchor-unlock-function-50561244/,Storklinta 6 Drawer Dresser Dark Brown Oak Effect Anchor Unlock Function,279.99,4.0,261,2465
https://www.ikea.com/us/en/cat/dressers-storage-drawers-st004/,https://www.ikea.com/us/en/p/storemolla-8-drawer-dresser-gray-brown-stained-60522394/,Storemolla 8 Drawer Dresser Gray Brown Stained,599.99,4.4,248,2605
https://www.ikea.com/us/en/cat/dressers-storage-drawers-st004/,https://www.ikea.com/us/en/p/storemolla-8-drawer-dresser-light-grey-beige-stained-80522393/,Storemolla 8 Drawer Dresser Light Grey Beige Stained,599.99,4.4,248,2653
https://www.ikea.com/us/en/cat/dressers-storage-drawers-st004/,https://www.ikea.com/us/en/p/storklinta-4-drawer-dresser-white-anchor-unlock-function-40559289/,Storklinta 4 Drawer Dresser White Anchor Unlock Function,179.99,4.0,150,2100
https://www.ikea.com/us/en/cat/dressers-storage-drawers-st004/,https://www.ikea.com/us/en/p/storklinta-4-drawer-dresser-dark-brown-oak-effect-anchor-unlock-function-60559288/,Storklinta 4 Drawer Dresser Dark Brown Oak Effect Anchor Unlock Function,199.99,4.0,150,2058
https://www.ikea.com/us/en/cat/dressers-storage-drawers-st004/,https://www.ikea.com/us/en/p/storklinta-4-drawer-dresser-oak-effect-anchor-unlock-function-20559290/,Storklinta 4 Drawer Dresser Oak Effect Anchor Unlock Function,199.99,4.0,150,2063
https://www.ikea.com/us/en/cat/dressers-storage-drawers-st004/,https://www.ikea.com/us/en/p/storklinta-6-drawer-dresser-white-anchor-unlock-function-10559281/,Storklinta 6 Drawer Dresser White Anchor Unlock Function,229.99,4.0,141,2474
https://www.ikea.com/us/en/cat/dressers-storage-drawers-st004/,https://www.ikea.com/us/en/p/storklinta-6-drawer-dresser-gray-green-anchor-unlock-function-50621064/,Storklinta 6 Drawer Dresser Gray Green Anchor Unlock Function,229.99,4.0,141,2273
https://www.ikea.com/us/en/cat/dressers-storage-drawers-st004/,https://www.ikea.com/us/en/p/storklinta-6-drawer-dresser-dark-brown-oak-effect-anchor-unlock-function-70559278/,Storklinta 6 Drawer Dresser Dark Brown Oak Effect Anchor Unlock Function,249.99,4.0,141,2412
https://www.ikea.com/us/en/cat/dressers-storage-drawers-st004/,https://www.ikea.com/us/en/p/storklinta-6-drawer-dresser-oak-effect-anchor-unlock-function-50559279/,Storklinta 6 Drawer Dresser Oak Effect Anchor Unlock Function,249.99,4.0,141,2436
https://www.ikea.com/us/en/cat/dressers-storage-drawers-st004/,https://www.ikea.com/us/en/p/storklinta-3-drawer-dresser-white-anchor-unlock-function-00559291/,Storklinta 3 Drawer Dresser White Anchor Unlock Function,129.99,3.9,186,2090
https://www.ikea.com/us/en/cat/dressers-storage-drawers-st004/,https://www.ikea.com/us/en/p/storklinta-3-drawer-dresser-oak-effect-anchor-unlock-function-80559292/,Storklinta 3 Drawer Dresser Oak Effect Anchor Unlock Function,149.99,3.9,186,2027
https://www.ikea.com/us/en/cat/dressers-storage-drawers-st004/,https://www.ikea.com/us/en/p/storklinta-3-drawer-dresser-dark-brown-oak-effect-anchor-unlock-function-60559293/,Storklinta 3 Drawer Dresser Dark Brown Oak Effect Anchor Unlock Function,149.99,3.9,186,2027
https://www.ikea.com/us/en/cat/dressers-storage-drawers-st004/,https://www.ikea.com/us/en/p/storklinta-3-drawer-dresser-gray-green-anchor-unlock-function-80574645/,Storklinta 3 Drawer Dresser Gray Green Anchor Unlock Function,129.99,3.9,186,1987
https://www.ikea.com/us/en/cat/dressers-storage-drawers-st004/,https://www.ikea.com/us/en/p/hemnes-8-drawer-dresser-white-stain-10576191/,Hemnes 8 Drawer Dresser White Stain,349.99,4.0,77,2700
https://www.ikea.com/us/en/cat/dressers-storage-drawers-st004/,https://www.ikea.com/us/en/p/hemnes-8-drawer-dresser-black-brown-30576190/,Hemnes 8 Drawer Dresser Black Brown,349.99,4.0,77,2638
https://www.ikea.com/us/en/cat/dressers-storage-drawers-st004/,https://www.ikea.com/us/en/p/rast-6-drawer-dresser-pine-00582164/,Rast 6 Drawer Dresser Pine,129.99,2.5,163,2047
https://www.ikea.com/us/en/cat/dressers-storage-drawers-st004/,https://www.ikea.com/us/en/p/radmansoe-6-drawer-dresser-brown-walnut-effect-40593839/,Radmansoe 6 Drawer Dresser Brown Walnut Effect,349.99,4.0,105,2549
https://www.ikea.com/us/en/cat/dressers-storage-drawers-st004/,https://www.ikea.com/us/en/p/rast-3-drawer-dresser-pine-70582165/,Rast 3 Drawer Dresser Pine,59.99,3.2,106,2534
https://www.ikea.com/us/en/cat/dressers-storage-drawers-st004/,https://www.ikea.com/us/en/p/gullaberg-8-drawer-dresser-gray-anchor-unlock-function-80590396/,Gullaberg 8 Drawer Dresser Gray Anchor Unlock Function,299.99,3.7,90,2376
https://www.ikea.com/us/en/cat/dressers-storage-drawers-st004/,https://www.ikea.com/us/en/p/gullaberg-8-drawer-dresser-white-anchor-unlock-function-00590395/,Gullaberg 8 Drawer Dresser White Anchor Unlock Function,379.99,3.7,90,2452
https://www.ikea.com/us/en/cat/dressers-storage-drawers-st004/,https://www.ikea.com/us/en/p/storklinta-5-drawer-dresser-white-anchor-unlock-function-20559285/,Storklinta 5 Drawer Dresser White Anchor Unlock Function,179.99,3.9,80,2717
https://www.ikea.com/us/en/cat/dressers-storage-drawers-st004/,https://www.ikea.com/us/en/p/storklinta-5-drawer-dresser-dark-brown-oak-effect-anchor-unlock-function-80559287/,Storklinta 5 Drawer Dresser Dark Brown Oak Effect Anchor Unlock Function,199.99,3.9,80,2677
https://www.ikea.com/us/en/cat/dressers-storage-drawers-st004/,https://www.ikea.com/us/en/p/storklinta-5-drawer-dresser-oak-effect-anchor-unlock-function-00559286/,Storklinta 5 Drawer Dresser Oak Effect Anchor Unlock Function,199.99,3.9,80,2657
https://www.ikea.com/us/en/cat/dressers-storage-drawers-st004/,https://www.ikea.com/us/en/p/songesand-6-drawer-dresser-white-50572836/,Songesand 6 Drawer Dresser White,239.99,2.5,100,2433
https://www.ikea.com/us/en/cat/dressers-storage-drawers-st004/,https://www.ikea.com/us/en/p/songesand-6-drawer-dresser-brown-00575804/,Songesand 6 Drawer Dresser Brown,299.99,2.5,100,2274
https://www.ikea.com/us/en/cat/dressers-storage-drawers-st004/,https://www.ikea.com/us/en/p/brimnes-4-drawer-dresser-black-70574245/,Brimnes 4 Drawer Dresser Black,229.99,4.5,1181,2346
https://www.ikea.com/us/en/cat/dressers-storage-drawers-st004/,https://www.ikea.com/us/en/p/brimnes-4-drawer-dresser-white-20572833/,Brimnes 4 Drawer Dresser White,229.99,4.5,1181,2346
https://www.ikea.com/us/en/cat/dressers-storage-drawers-st004/,https://www.ikea.com/us/en/p/brimnes-4-drawer-dresser-gray-frosted-glass-10598391/,Brimnes 4 Drawer Dresser Gray Frosted Glass,229.99,4.5,1181,1932
https://www.ikea.com/us/en/cat/dressers-storage-drawers-st004/,https://www.ikea.com/us/en/p/vihals-6-drawer-dresser-white-anchor-unlock-function-30490115/,Vihals 6 Drawer Dresser White Anchor Unlock Function,279.99,4.2,96,2498
https://www.ikea.com/us/en/cat/dressers-storage-drawers-st004/,https://www.ikea.com/us/en/p/kilberget-6-drawer-dresser-white-anchor-unlock-function-70561672/,Kilberget 6 Drawer Dresser White Anchor Unlock Function,249.99,3.7,56,2599
https://www.ikea.com/us/en/cat/dressers-storage-drawers-st004/,https://www.ikea.com/us/en/p/jonaxel-storage-combination-white-s99297144/,Jonaxel Storage Combination White S99297144,49.99,4.4,245,2017
https://www.ikea.com/us/en/cat/dressers-storage-drawers-st004/,https://www.ikea.com/us/en/p/vihals-6-drawer-dresser-white-anchor-unlock-function-90483249/,Vihals 6 Drawer Dresser White Anchor Unlock Function,249.99,4.4,153,2379
https://www.ikea.com/us/en/cat/dressers-storage-drawers-st004/,https://www.ikea.com/us/en/p/gullaberg-3-drawer-dresser-gray-anchor-unlock-function-30561768/,Gullaberg 3 Drawer Dresser Gray Anchor Unlock Function,159.99,4.2,60,2545
https://www.ikea.com/us/en/cat/dressers-storage-drawers-st004/,https://www.ikea.com/us/en/p/gullaberg-3-drawer-dresser-white-anchor-unlock-function-10561769/,Gullaberg 3 Drawer Dresser White Anchor Unlock Function,199.99,4.2,60,2439
https://www.ikea.com/us/en/cat/dressers-storage-drawers-st004/,https://www.ikea.com/us/en/p/gullaberg-3-drawer-dresser-yellow-60593447/,Gullaberg 3 Drawer Dresser Yellow,199.99,4.2,60,2448
https://www.ikea.com/us/en/cat/dressers-storage-drawers-st004/,https://www.ikea.com/us/en/p/kilberget-3-drawer-dresser-white-anchor-unlock-function-50561668/,Kilberget 3 Drawer Dresser White Anchor Unlock Function,129.99,4.0,46,2483
https://www.ikea.com/us/en/cat/dressers-storage-drawers-st004/,https://www.ikea.com/us/en/p/songesand-6-drawer-dresser-white-30572837/,Songesand 6 Drawer Dresser White,279.99,2.7,93,2382
https://www.ikea.com/us/en/cat/dressers-storage-drawers-st004/,https://www.ikea.com/us/en/p/songesand-6-drawer-dresser-brown-20575803/,Songesand 6 Drawer Dresser Brown,279.99,2.7,93,2382
https://www.ikea.com/us/en/cat/dressers-storage-drawers-st004/,https://www.ikea.com/us/en/p/songesand-4-drawer-dresser-white-70572835/,Songesand 4 Drawer Dresser White,149.99,3.0,88,2159
https://www.ikea.com/us/en/cat/dressers-storage-drawers-st004/,https://www.ikea.com/us/en/p/songesand-4-drawer-dresser-brown-40575802/,Songesand 4 Drawer Dresser Brown,149.99,3.0,88,2159
https://www.ikea.com/us/en/cat/dressers-storage-drawers-st004/,https://www.ikea.com/us/en/p/hauga-6-drawer-dresser-white-60581538/,Hauga 6 Drawer Dresser White,279.99,4.4,64,1732
https://www.ikea.com/us/en/cat/dressers-storage-drawers-st004/,https://www.ikea.com/us/en/p/hauga-6-drawer-dresser-gray-20581535/,Hauga 6 Drawer Dresser Gray,279.99,4.4,64,1870
https://www.ikea.com/us/en/cat/dressers-storage-drawers-st004/,https://www.ikea.com/us/en/p/songesand-3-drawer-dresser-white-00572834/,Songesand 3 Drawer Dresser White,149.99,2.9,34,2059
https://www.ikea.com/us/en/cat/dressers-storage-drawers-st004/,https://www.ikea.com/us/en/p/songesand-3-drawer-dresser-brown-60575801/,Songesand 3 Drawer Dresser Brown,119.99,2.9,34,2102
https://www.ikea.com/us/en/cat/dressers-storage-drawers-st004/,https://www.ikea.com/us/en/p/hemnes-6-drawer-dresser-black-brown-60576198/,Hemnes 6 Drawer Dresser Black Brown,319.99,3.9,43,2234
https://www.ikea.com/us/en/cat/dressers-storage-drawers-st004/,https://www.ikea.com/us/en/p/hemnes-6-drawer-dresser-white-stain-00576196/,Hemnes 6 Drawer Dresser White Stain,319.99,3.9,43,2266
https://www.ikea.com/us/en/cat/dressers-storage-drawers-st004/,https://www.ikea.com/us/en/p/stockholm-mirror-walnut-veneer-20503793/,Stockholm Mirror Walnut Veneer,179.99,4.7,1134,1660
https://www.ikea.com/us/en/cat/dressers-storage-drawers-st004/,https://www.ikea.com/us/en/p/nissedal-mirror-walnut-effect-30501864/,Nissedal Mirror Walnut Effect,49.99,4.7,5596,1343
https://www.ikea.com/us/en/cat/dressers-storage-drawers-st004/,https://www.ikea.com/us/en/p/nyponbuske-mirror-black-10609889/,Nyponbuske Mirror Black,89.99,4.8,49,755
https://www.ikea.com/us/en/cat/tv-media-furniture-10475/,https://www.ikea.com/us/en/p/stockholm-2025-tv-unit-with-sliding-doors-oak-veneer-90586638/,Stockholm 2025 Tv Unit With Sliding Doors Oak Veneer,449.99,4.4,102,2219
https://www.ikea.com/us/en/cat/tv-media-furniture-10475/,https://www.ikea.com/us/en/p/kallax-tv-unit-black-brown-90574881/,Kallax Tv Unit Black Brown,79.99,4.6,309,1590
https://www.ikea.com/us/en/cat/tv-media-furniture-10475/,https://www.ikea.com/us/en/p/kallax-tv-unit-white-00574885/,Kallax Tv Unit White,79.99,4.6,309,1583
https://www.ikea.com/us/en/cat/tv-media-furniture-10475/,https://www.ikea.com/us/en/p/kallax-tv-unit-white-stained-oak-effect-50574883/,Kallax Tv Unit White Stained Oak Effect,79.99,4.6,309,1597
https://www.ikea.com/us/en/cat/tv-media-furniture-10475/,https://www.ikea.com/us/en/p/brimnes-tv-unit-white-20569487/,Brimnes Tv Unit White,199.99,4.5,539,1840
https://www.ikea.com/us/en/cat/tv-media-furniture-10475/,https://www.ikea.com/us/en/p/brimnes-tv-unit-black-40569486/,Brimnes Tv Unit Black,199.99,4.5,539,1847
https://www.ikea.com/us/en/cat/tv-media-furniture-10475/,https://www.ikea.com/us/en/p/besta-tv-bench-with-doors-black-brown-hedeviken-dark-brown-oak-veneer-s89568027/,Besta Tv Bench With Doors Black Brown Hedeviken Dark Brown Oak Veneer S89568027,285.0,3.8,360,2418
https://www.ikea.com/us/en/cat/tv-media-furniture-10475/,https://www.ikea.com/us/en/p/besta-tv-bench-with-doors-white-bjoerkoeviken-birch-veneer-s79568042/,Besta Tv Bench With Doors White Bjoerkoeviken Birch Veneer S79568042,285.0,3.8,360,2379
https://www.ikea.com/us/en/cat/tv-media-furniture-10475/,https://www.ikea.com/us/en/p/besta-tv-bench-with-doors-dark-gray-bergsviken-black-s79564157/,Besta Tv Bench With Doors Dark Gray Bergsviken Black S79564157,285.0,3.8,360,2358
https://www.ikea.com/us/en/cat/tv-media-furniture-10475/,https://www.ikea.com/us/en/p/besta-tv-bench-with-doors-white-bergsviken-black-s59568043/,Besta Tv Bench With Doors White Bergsviken Black S59568043,285.0,3.8,360,2360
https://www.ikea.com/us/en/cat/tv-media-furniture-10475/,https://www.ikea.com/us/en/p/besta-tv-unit-with-doors-white-stained-oak-effect-lappviken-white-stained-oak-effect-s29568054/,Besta Tv Unit With Doors White Stained Oak Effect Lappviken White Stained Oak Effect S29568054,225.0,3.8,360,2355
https://www.ikea.com/us/en/cat/tv-media-furniture-10475/,https://www.ikea.com/us/en/p/besta-tv-unit-with-doors-white-lappviken-white-s49568048/,Besta Tv Unit With Doors White Lappviken White S49568048,225.0,3.8,360,2362
https://www.ikea.com/us/en/cat/tv-media-furniture-10475/,https://www.ikea.com/us/en/p/besta-tv-bench-with-doors-black-brown-lappviken-walnut-effect-s49612174/,Besta Tv Bench With Doors Black Brown Lappviken Walnut Effect S49612174,225.0,3.8,360,2338
https://www.ikea.com/us/en/cat/tv-media-furniture-10475/,https://www.ikea.com/us/en/p/lack-tv-unit-white-40566063/,Lack Tv Unit White,59.99,4.6,217,1636
https://www.ikea.com/us/en/cat/tv-media-furniture-10475/,https://www.ikea.com/us/en/p/lack-tv-unit-black-brown-60566062/,Lack Tv Unit Black Brown,59.99,4.6,217,1639
https://www.ikea.com/us/en/cat/tv-media-furniture-10475/,https://www.ikea.com/us/en/p/fjaellbo-tv-unit-black-00579034/,Fjaellbo Tv Unit Black,299.99,4.4,876,1755
https://www.ikea.com/us/en/cat/tv-media-furniture-10475/,https://www.ikea.com/us/en/p/fjaellbo-tv-unit-black-60566439/,Fjaellbo Tv Unit Black,249.99,4.4,876,1748
https://www.ikea.com/us/en/cat/tv-media-furniture-10475/,https://www.ikea.com/us/en/p/skruvby-tv-unit-black-blue-10542747/,Skruvby Tv Unit Black Blue,99.99,4.6,111,1846
https://www.ikea.com/us/en/cat/tv-media-furniture-10475/,https://www.ikea.com/us/en/p/skruvby-tv-unit-white-90542748/,Skruvby Tv Unit White,99.99,4.6,111,1836
https://www.ikea.com/us/en/cat/tv-media-furniture-10475/,https://www.ikea.com/us/en/p/baggebo-tv-unit-white-90565773/,Baggebo Tv Unit White,29.99,4.5,115,1148
https://www.ikea.com/us/en/cat/tv-media-furniture-10475/,https://www.ikea.com/us/en/p/kallax-tv-storage-combination-black-brown-s49569444/,Kallax Tv Storage Combination Black Brown S49569444,169.99,4.5,64,1447
https://www.ikea.com/us/en/cat/tv-media-furniture-10475/,https://www.ikea.com/us/en/p/kallax-tv-storage-combination-white-stained-oak-effect-s79569447/,Kallax Tv Storage Combination White Stained Oak Effect S79569447,169.99,4.5,64,1462
https://www.ikea.com/us/en/cat/tv-media-furniture-10475/,https://www.ikea.com/us/en/p/kallax-tv-storage-combination-white-s99569451/,Kallax Tv Storage Combination White S99569451,159.99,4.5,64,1450
https://www.ikea.com/us/en/cat/tv-media-furniture-10475/,https://www.ikea.com/us/en/p/hemnes-tv-unit-white-stain-light-brown-10413528/,Hemnes Tv Unit White Stain Light Brown,229.99,4.5,923,2582
https://www.ikea.com/us/en/cat/tv-media-furniture-10475/,https://www.ikea.com/us/en/p/hemnes-tv-unit-black-brown-30334506/,Hemnes Tv Unit Black Brown,229.99,4.5,924,2569
https://www.ikea.com/us/en/cat/tv-media-furniture-10475/,https://www.ikea.com/us/en/p/hemnes-tv-unit-white-stain-40349569/,Hemnes Tv Unit White Stain,229.99,4.5,923,2570
https://www.ikea.com/us/en/cat/tv-media-furniture-10475/,https://www.ikea.com/us/en/p/hemnes-tv-unit-black-brown-50566048/,Hemnes Tv Unit Black Brown,279.99,4.5,923,2477
https://www.ikea.com/us/en/cat/tv-media-furniture-10475/,https://www.ikea.com/us/en/p/hemnes-tv-unit-white-stain-30566049/,Hemnes Tv Unit White Stain,279.99,4.5,924,2486
https://www.ikea.com/us/en/cat/tv-media-furniture-10475/,https://www.ikea.com/us/en/p/besta-tv-bench-with-doors-white-bjoerkoeviken-stubbarp-birch-veneer-s09566541/,Besta Tv Bench With Doors White Bjoerkoeviken Stubbarp Birch Veneer S09566541,240.0,3.8,48,1185
https://www.ikea.com/us/en/cat/tv-media-furniture-10475/,https://www.ikea.com/us/en/p/besta-tv-bench-with-doors-black-brown-hedeviken-stubbarp-dark-brown-stained-oak-veneer-s99566508/,Besta Tv Bench With Doors Black Brown Hedeviken Stubbarp Dark Brown Stained Oak Veneer S99566508,240.0,3.8,48,1191
https://www.ikea.com/us/en/cat/tv-media-furniture-10475/,https://www.ikea.com/us/en/p/besta-tv-bench-with-doors-white-bjoerkoeviken-mejarp-birch-veneer-s89566504/,Besta Tv Bench With Doors White Bjoerkoeviken Mejarp Birch Veneer S89566504,260.0,3.8,48,1187
https://www.ikea.com/us/en/cat/tv-media-furniture-10475/,https://www.ikea.com/us/en/p/besta-tv-bench-with-doors-dark-gray-bergsviken-stubbarp-black-s79564204/,Besta Tv Bench With Doors Dark Gray Bergsviken Stubbarp Black S79564204,240.0,3.8,48,1167
https://www.ikea.com/us/en/cat/tv-media-furniture-10475/,https://www.ikea.com/us/en/p/besta-tv-bench-with-doors-white-bergsviken-stubbarp-black-s49566539/,Besta Tv Bench With Doors White Bergsviken Stubbarp Black S49566539,240.0,3.8,48,1166
https://www.ikea.com/us/en/cat/tv-media-furniture-10475/,https://www.ikea.com/us/en/p/besta-tv-bench-with-doors-dark-gray-bergsviken-oesarp-black-s39564197/,Besta Tv Bench With Doors Dark Gray Bergsviken Oesarp Black S39564197,260.0,3.8,48,1168
https://www.ikea.com/us/en/cat/tv-media-furniture-10475/,https://www.ikea.com/us/en/p/besta-tv-bench-with-doors-white-bergsviken-oesarp-black-s09566503/,Besta Tv Bench With Doors White Bergsviken Oesarp Black S09566503,260.0,3.8,48,1167
https://www.ikea.com/us/en/cat/tv-media-furniture-10475/,https://www.ikea.com/us/en/p/skruvby-tv-storage-combination-black-blue-s29494666/,Skruvby Tv Storage Combination Black Blue S29494666,198.99,4.7,30,1304
https://www.ikea.com/us/en/cat/tv-media-furniture-10475/,https://www.ikea.com/us/en/p/skruvby-tv-storage-combination-white-s89494668/,Skruvby Tv Storage Combination White S89494668,198.99,4.7,30,1306
https://www.ikea.com/us/en/cat/tv-media-furniture-10475/,https://www.ikea.com/us/en/p/skruvby-tv-storage-combination-black-blue-s99494658/,Skruvby Tv Storage Combination Black Blue S99494658,198.99,4.7,30,1338
https://www.ikea.com/us/en/cat/tv-media-furniture-10475/,https://www.ikea.com/us/en/p/skruvby-tv-storage-combination-white-s59494660/,Skruvby Tv Storage Combination White S59494660,198.99,4.7,30,1338
https://www.ikea.com/us/en/cat/tv-media-furniture-10475/,https://www.ikea.com/us/en/p/brimnes-tv-unit-black-20593091/,Brimnes Tv Unit Black,249.99,4.5,10,1266
https://www.ikea.com/us/en/cat/tv-media-furniture-10475/,https://www.ikea.com/us/en/p/brimnes-tv-unit-white-60593094/,Brimnes Tv Unit White,249.99,4.5,10,1266
https://www.ikea.com/us/en/cat/tv-media-furniture-10475/,https://www.ikea.com/us/en/p/fryksas-tv-unit-rattan-80579327/,Fryksas Tv Unit Rattan,449.99,4.5,26,1335
https://www.ikea.com/us/en/cat/tv-media-furniture-10475/,https://www.ikea.com/us/en/p/lack-tv-unit-black-brown-00566060/,Lack Tv Unit Black Brown,49.99,4.5,302,1341
https://www.ikea.com/us/en/cat/tv-media-furniture-10475/,https://www.ikea.com/us/en/p/lack-tv-unit-white-80566061/,Lack Tv Unit White,49.99,4.5,302,1341
https://www.ikea.com/us/en/cat/tv-media-furniture-10475/,https://www.ikea.com/us/en/p/radmansoe-tv-unit-brown-walnut-effect-80598986/,Radmansoe Tv Unit Brown Walnut Effect,299.99,4.6,46,1334
https://www.ikea.com/us/en/cat/tv-media-furniture-10475/,https://www.ikea.com/us/en/p/besta-tv-unit-white-stained-oak-effect-20576001/,Besta Tv Unit White Stained Oak Effect,90.0,4.3,2298,2262
https://www.ikea.com/us/en/cat/tv-media-furniture-10475/,https://www.ikea.com/us/en/p/besta-tv-unit-white-80566037/,Besta Tv Unit White,110.0,4.4,696,1910
https://www.ikea.com/us/en/cat/tv-media-furniture-10475/,https://www.ikea.com/us/en/p/besta-tv-unit-dark-gray-20575228/,Besta Tv Unit Dark Gray,110.0,4.4,696,1863
https://www.ikea.com/us/en/cat/tv-media-furniture-10475/,https://www.ikea.com/us/en/p/besta-tv-unit-black-brown-40565775/,Besta Tv Unit Black Brown,90.0,4.3,2298,2296
https://www.ikea.com/us/en/cat/tv-media-furniture-10475/,https://www.ikea.com/us/en/p/besta-tv-unit-white-00565777/,Besta Tv Unit White,90.0,4.3,2298,2281
https://www.ikea.com/us/en/cat/tv-media-furniture-10475/,https://www.ikea.com/us/en/p/besta-tv-unit-white-stained-oak-effect-60576004/,Besta Tv Unit White Stained Oak Effect,110.0,4.4,696,1899
https://www.ikea.com/us/en/cat/tv-media-furniture-10475/,https://www.ikea.com/us/en/p/besta-tv-unit-white-stained-oak-effect-00576002/,Besta Tv Unit White Stained Oak Effect,75.0,4.3,2298,2277
https://www.ikea.com/us/en/cat/tv-media-furniture-10475/,https://www.ikea.com/us/en/p/eket-media-storage-combination-brown-walnut-effect-s69580983/,Eket Media Storage Combination Brown Walnut Effect S69580983,306.0,3.1,11,985
https://www.ikea.com/us/en/cat/tv-media-furniture-10475/,https://www.ikea.com/us/en/p/eket-media-storage-combination-white-s29580980/,Eket Media Storage Combination White S29580980,306.0,3.1,11,992
https://www.ikea.com/us/en/cat/tv-media-furniture-10475/,https://www.ikea.com/us/en/p/havsta-tv-storage-combination-glass-doors-gray-beige-s99570586/,Havsta Tv Storage Combination Glass Doors Gray Beige S99570586,1649.99,4.5,4,1342
https://www.ikea.com/us/en/cat/tv-media-furniture-10475/,https://www.ikea.com/us/en/p/havsta-tv-storage-combination-glass-doors-white-s99570572/,Havsta Tv Storage Combination Glass Doors White S99570572,1649.99,4.5,4,1345
https://www.ikea.com/us/en/cat/tv-media-furniture-10475/,https://www.ikea.com/us/en/p/havsta-tv-storage-combination-glass-doors-black-s19570585/,Havsta Tv Storage Combination Glass Doors Black S19570585,1649.99,4.5,4,1350
https://www.ikea.com/us/en/cat/tv-media-furniture-10475/,https://www.ikea.com/us/en/p/tonstad-tv-unit-oak-veneer-60542962/,Tonstad Tv Unit Oak Veneer,399.99,4.8,85,1855
https://www.ikea.com/us/en/cat/tv-media-furniture-10475/,https://www.ikea.com/us/en/p/tonstad-tv-unit-brown-stained-oak-veneer-50562026/,Tonstad Tv Unit Brown Stained Oak Veneer,399.99,4.8,85,1834
https://www.ikea.com/us/en/cat/storage-organization-st001/,https://www.ikea.com/us/en/p/trofast-storage-combination-with-boxes-light-white-stained-pine-white-s39574865/,Trofast Storage Combination With Boxes Light White Stained Pine White S39574865,146.99,3.4,93,2179
https://www.ikea.com/us/en/cat/storage-organization-st001/,https://www.ikea.com/us/en/p/flisat-wall-storage-gray-turquoise-90614603/,Flisat Wall Storage Gray Turquoise,19.99,4.7,553,1380
https://www.ikea.com/us/en/cat/storage-organization-st001/,https://www.ikea.com/us/en/p/tigerfink-storage-with-compartments-beige-orange-30614644/,Tigerfink Storage With Compartments Beige Orange,19.99,3.1,165,2146
https://www.ikea.com/us/en/cat/storage-organization-st001/,https://www.ikea.com/us/en/p/flisat-knob-rack-with-4-knobs-40614568/,Flisat Knob Rack With 4 Knobs,7.99,3.5,57,664
https://www.ikea.com/us/en/cat/storage-organization-st001/,https://www.ikea.com/us/en/p/flisat-book-display-80614566/,Flisat Book Display,29.99,4.8,23,823
https://www.ikea.com/us/en/cat/storage-organization-st001/,https://www.ikea.com/us/en/p/tigerfink-organizer-with-5-compartments-beige-orange-00621716/,Tigerfink Organizer With 5 Compartments Beige Orange,9.99,4.5,13,738
https://www.ikea.com/us/en/cat/storage-organization-st001/,https://www.ikea.com/us/en/p/glis-box-with-lid-green-lilac-blue-00604118/,Glis Box With Lid Green Lilac Blue,3.99,4.5,98,917
https://www.ikea.com/us/en/cat/cabinets-cupboards-st003/,https://www.ikea.com/us/en/p/brimnes-cabinet-with-doors-white-40300662/,Brimnes Cabinet With Doors White,99.0,4.6,1686,2038
https://www.ikea.com/us/en/cat/cabinets-cupboards-st003/,https://www.ikea.com/us/en/p/brimnes-cabinet-with-doors-black-80300660/,Brimnes Cabinet With Doors Black,99.0,4.6,1686,2031
https://www.ikea.com/us/en/cat/cabinets-cupboards-st003/,https://www.ikea.com/us/en/p/billy-oxberg-bookcase-white-s49581484/,Billy Oxberg Bookcase White S49581484,179.0,4.7,892,2358
https://www.ikea.com/us/en/cat/cabinets-cupboards-st003/,https://www.ikea.com/us/en/p/billy-oxberg-bookcase-w-glass-doors-black-oak-effect-s59483317/,Billy Oxberg Bookcase W Glass Doors Black Oak Effect S59483317,199.0,4.7,892,2811
https://www.ikea.com/us/en/cat/cabinets-cupboards-st003/,https://www.ikea.com/us/en/p/billy-oxberg-bookcase-w-glass-doors-brown-walnut-effect-s39483318/,Billy Oxberg Bookcase W Glass Doors Brown Walnut Effect S39483318,199.0,4.7,892,2816
https://www.ikea.com/us/en/cat/cabinets-cupboards-st003/,https://www.ikea.com/us/en/p/billy-oxberg-bookcase-w-glass-doors-oak-effect-s99483320/,Billy Oxberg Bookcase W Glass Doors Oak Effect S99483320,199.0,4.7,892,2813
https://www.ikea.com/us/en/cat/cabinets-cupboards-st003/,https://www.ikea.com/us/en/p/billy-oxberg-bookcase-w-glass-doors-dark-brown-oak-effect-s19483319/,Billy Oxberg Bookcase W Glass Doors Dark Brown Oak Effect S19483319,199.0,4.7,892,2807
https://www.ikea.com/us/en/cat/cabinets-cupboards-st003/,https://www.ikea.com/us/en/p/havsta-cabinet-with-base-white-00529242/,Havsta Cabinet With Base White,270.0,4.1,98,2518
https://www.ikea.com/us/en/cat/cabinets-cupboards-st003/,https://www.ikea.com/us/en/p/havsta-cabinet-with-base-black-50559646/,Havsta Cabinet With Base Black,270.0,4.1,98,2515
https://www.ikea.com/us/en/cat/cabinets-cupboards-st003/,https://www.ikea.com/us/en/p/havsta-cabinet-with-base-gray-beige-80529238/,Havsta Cabinet With Base Gray Beige,270.0,4.1,98,2515
https://www.ikea.com/us/en/cat/cabinets-cupboards-st003/,https://www.ikea.com/us/en/p/billy-oxberg-bookcase-with-panel-glass-doors-white-s99581486/,Billy Oxberg Bookcase With Panel Glass Doors White S99581486,169.0,4.7,795,1935
https://www.ikea.com/us/en/cat/cabinets-cupboards-st003/,https://www.ikea.com/us/en/p/billy-oxberg-bookcase-with-panel-glass-doors-brown-walnut-effect-s69483326/,Billy Oxberg Bookcase With Panel Glass Doors Brown Walnut Effect S69483326,189.0,4.7,795,2301
https://www.ikea.com/us/en/cat/cabinets-cupboards-st003/,https://www.ikea.com/us/en/p/billy-oxberg-bookcase-with-panel-glass-doors-black-oak-effect-s89483325/,Billy Oxberg Bookcase With Panel Glass Doors Black Oak Effect S89483325,189.0,4.7,795,2296
https://www.ikea.com/us/en/cat/cabinets-cupboards-st003/,https://www.ikea.com/us/en/p/billy-oxberg-bookcase-with-panel-glass-doors-oak-effect-s29483328/,Billy Oxberg Bookcase With Panel Glass Doors Oak Effect S29483328,189.0,4.7,795,2308
https://www.ikea.com/us/en/cat/cabinets-cupboards-st003/,https://www.ikea.com/us/en/p/billy-oxberg-bookcase-with-panel-glass-doors-dark-brown-oak-effect-s49483327/,Billy Oxberg Bookcase With Panel Glass Doors Dark Brown Oak Effect S49483327,189.0,4.7,795,2291
https://www.ikea.com/us/en/cat/cabinets-cupboards-st003/,https://www.ikea.com/us/en/p/hemnes-glass-door-cabinet-with-3-drawers-white-stain-light-brown-50413507/,Hemnes Glass Door Cabinet With 3 Drawers White Stain Light Brown,299.0,4.2,928,2596
https://www.ikea.com/us/en/cat/cabinets-cupboards-st003/,https://www.ikea.com/us/en/p/hemnes-glass-door-cabinet-with-3-drawers-gray-green-light-brown-stained-00596161/,Hemnes Glass Door Cabinet With 3 Drawers Gray Green Light Brown Stained,299.0,4.2,928,2524
https://www.ikea.com/us/en/cat/cabinets-cupboards-st003/,https://www.ikea.com/us/en/p/hemnes-glass-door-cabinet-with-3-drawers-white-stain-50371772/,Hemnes Glass Door Cabinet With 3 Drawers White Stain,299.0,4.2,928,2600
https://www.ikea.com/us/en/cat/cabinets-cupboards-st003/,https://www.ikea.com/us/en/p/hemnes-glass-door-cabinet-with-3-drawers-black-brown-light-brown-50452297/,Hemnes Glass Door Cabinet With 3 Drawers Black Brown Light Brown,299.0,4.2,928,2614
https://www.ikea.com/us/en/cat/cabinets-cupboards-st003/,https://www.ikea.com/us/en/p/hemnes-glass-door-cabinet-with-3-drawers-black-brown-70371771/,Hemnes Glass Door Cabinet With 3 Drawers Black Brown,299.0,4.2,928,2563
https://www.ikea.com/us/en/cat/cabinets-cupboards-st003/,https://www.ikea.com/us/en/p/baggebo-glass-door-cabinet-metal-white-80502998/,Baggebo Glass Door Cabinet Metal White,64.99,4.6,850,1892
https://www.ikea.com/us/en/cat/cabinets-cupboards-st003/,https://www.ikea.com/us/en/p/vihals-sideboard-white-90491720/,Vihals Sideboard White,199.0,4.3,374,2555
https://www.ikea.com/us/en/cat/cabinets-cupboards-st003/,https://www.ikea.com/us/en/p/vihals-sideboard-dark-gray-90542927/,Vihals Sideboard Dark Gray,149.0,4.3,374,2401
https://www.ikea.com/us/en/cat/cabinets-cupboards-st003/,https://www.ikea.com/us/en/p/fryksas-cabinet-rattan-40574096/,Fryksas Cabinet Rattan,399.0,4.3,90,2223
https://www.ikea.com/us/en/cat/cabinets-cupboards-st003/,https://www.ikea.com/us/en/p/lommarp-cabinet-light-beige-70483028/,Lommarp Cabinet Light Beige,449.0,4.6,350,2105
https://www.ikea.com/us/en/cat/cabinets-cupboards-st003/,https://www.ikea.com/us/en/p/lommarp-cabinet-dark-blue-green-90483027/,Lommarp Cabinet Dark Blue Green,449.0,4.6,350,2137
https://www.ikea.com/us/en/cat/cabinets-cupboards-st003/,https://www.ikea.com/us/en/p/hauga-high-cabinet-with-2-doors-white-20415046/,Hauga High Cabinet With 2 Doors White,199.0,4.7,793,2152
https://www.ikea.com/us/en/cat/cabinets-cupboards-st003/,https://www.ikea.com/us/en/p/hauga-high-cabinet-with-2-doors-gray-60415054/,Hauga High Cabinet With 2 Doors Gray,199.0,4.7,793,2152
https://www.ikea.com/us/en/cat/cabinets-cupboards-st003/,https://www.ikea.com/us/en/p/billy-oxberg-bookcase-with-doors-white-s09571236/,Billy Oxberg Bookcase With Doors White S09571236,109.0,4.5,484,1020
https://www.ikea.com/us/en/cat/cabinets-cupboards-st003/,https://www.ikea.com/us/en/p/billy-oxberg-bookcase-with-doors-brown-walnut-effect-s39483276/,Billy Oxberg Bookcase With Doors Brown Walnut Effect S39483276,129.0,4.5,484,1439
https://www.ikea.com/us/en/cat/cabinets-cupboards-st003/,https://www.ikea.com/us/en/p/billy-oxberg-bookcase-with-doors-black-oak-effect-s19483277/,Billy Oxberg Bookcase With Doors Black Oak Effect S19483277,129.0,4.5,484,1429
https://www.ikea.com/us/en/cat/cabinets-cupboards-st003/,https://www.ikea.com/us/en/p/billy-oxberg-bookcase-with-doors-oak-effect-s59483275/,Billy Oxberg Bookcase With Doors Oak Effect S59483275,129.0,4.5,484,1427
https://www.ikea.com/us/en/cat/cabinets-cupboards-st003/,https://www.ikea.com/us/en/p/billy-oxberg-bookcase-with-doors-dark-brown-oak-effect-s99483278/,Billy Oxberg Bookcase With Doors Dark Brown Oak Effect S99483278,129.0,4.5,484,1431
https://www.ikea.com/us/en/cat/cabinets-cupboards-st003/,https://www.ikea.com/us/en/p/sagmaestare-cabinet-light-gray-blue-90555364/,Sagmaestare Cabinet Light Gray Blue,129.0,4.5,85,1280
https://www.ikea.com/us/en/cat/cabinets-cupboards-st003/,https://www.ikea.com/us/en/p/kallax-shelf-unit-white-80275887/,Kallax Shelf Unit White,79.99,4.7,10532,1827
https://www.ikea.com/us/en/cat/cabinets-cupboards-st003/,https://www.ikea.com/us/en/p/kallax-shelf-unit-black-brown-20275885/,Kallax Shelf Unit Black Brown,79.99,4.7,10531,1847
https://www.ikea.com/us/en/cat/cabinets-cupboards-st003/,https://www.ikea.com/us/en/p/kallax-shelf-unit-white-stained-oak-effect-00324518/,Kallax Shelf Unit White Stained Oak Effect,79.99,4.7,10531,1831
https://www.ikea.com/us/en/cat/cabinets-cupboards-st003/,https://www.ikea.com/us/en/p/lommarp-cabinet-with-glass-doors-black-90508527/,Lommarp Cabinet With Glass Doors Black,499.0,4.7,401,1956
https://www.ikea.com/us/en/cat/cabinets-cupboards-st003/,https://www.ikea.com/us/en/p/lommarp-cabinet-with-glass-doors-dark-blue-green-40383737/,Lommarp Cabinet With Glass Doors Dark Blue Green,499.0,4.7,401,2036
https://www.ikea.com/us/en/cat/cabinets-cupboards-st003/,https://www.ikea.com/us/en/p/lommarp-cabinet-with-glass-doors-light-beige-80436994/,Lommarp Cabinet With Glass Doors Light Beige,499.0,4.7,401,2037
https://www.ikea.com/us/en/cat/cabinets-cupboards-st003/,https://www.ikea.com/us/en/p/hemnes-storage-combination-w-doors-drawers-gray-green-light-brown-stained-s39591068/,Hemnes Storage Combination W Doors Drawers Gray Green Light Brown Stained S39591068,927.0,3.8,45,2568
https://www.ikea.com/us/en/cat/cabinets-cupboards-st003/,https://www.ikea.com/us/en/p/hemnes-storage-combination-w-doors-drawers-white-stain-light-brown-s09384051/,Hemnes Storage Combination W Doors Drawers White Stain Light Brown S09384051,827.0,3.8,45,2622
https://www.ikea.com/us/en/cat/cabinets-cupboards-st003/,https://www.ikea.com/us/en/p/hemnes-storage-combination-w-doors-drawers-white-stain-s19233759/,Hemnes Storage Combination W Doors Drawers White Stain S19233759,787.0,3.8,45,2610
https://www.ikea.com/us/en/cat/cabinets-cupboards-st003/,https://www.ikea.com/us/en/p/hemnes-storage-combination-w-doors-drawers-black-brown-light-brown-s49336567/,Hemnes Storage Combination W Doors Drawers Black Brown Light Brown S49336567,827.0,3.8,45,2622
https://www.ikea.com/us/en/cat/cabinets-cupboards-st003/,https://www.ikea.com/us/en/p/hemnes-storage-combination-w-doors-drawers-black-brown-s79233756/,Hemnes Storage Combination W Doors Drawers Black Brown S79233756,827.0,3.8,45,2636
https://www.ikea.com/us/en/cat/cabinets-cupboards-st003/,https://www.ikea.com/us/en/p/baggebo-cabinet-with-door-white-60481204/,Baggebo Cabinet With Door White,34.99,4.4,683,1505
https://www.ikea.com/us/en/cat/cabinets-cupboards-st003/,https://www.ikea.com/us/en/p/havsta-storage-combination-with-doors-white-s59534755/,Havsta Storage Combination With Doors White S59534755,570.0,4.5,21,1522
https://www.ikea.com/us/en/cat/cabinets-cupboards-st003/,https://www.ikea.com/us/en/p/havsta-storage-combination-with-doors-gray-beige-s09534753/,Havsta Storage Combination With Doors Gray Beige S09534753,570.0,4.5,21,1522
https://www.ikea.com/us/en/cat/cabinets-cupboards-st003/,https://www.ikea.com/us/en/p/havsta-storage-combination-with-doors-black-s29534752/,Havsta Storage Combination With Doors Black S29534752,570.0,4.5,21,1522
https://www.ikea.com/us/en/cat/cabinets-cupboards-st003/,https://www.ikea.com/us/en/p/billy-oxberg-bookcase-with-glass-door-white-glass-s19581555/,Billy Oxberg Bookcase With Glass Door White Glass S19581555,99.0,4.7,267,1200
https://www.ikea.com/us/en/cat/cabinets-cupboards-st003/,https://www.ikea.com/us/en/p/billy-oxberg-bookcase-with-glass-door-brown-walnut-effect-clear-glass-s09581829/,Billy Oxberg Bookcase With Glass Door Brown Walnut Effect Clear Glass S09581829,114.0,4.7,267,1126
https://www.ikea.com/us/en/cat/cabinets-cupboards-st003/,https://www.ikea.com/us/en/p/billy-oxberg-bookcase-with-glass-door-oak-effect-clear-glass-s69581831/,Billy Oxberg Bookcase With Glass Door Oak Effect Clear Glass S69581831,114.0,4.7,267,1123
https://www.ikea.com/us/en/cat/cabinets-cupboards-st003/,https://www.ikea.com/us/en/p/billy-oxberg-bookcase-with-glass-door-dark-brown-oak-effect-clear-glass-s29581828/,Billy Oxberg Bookcase With Glass Door Dark Brown Oak Effect Clear Glass S29581828,114.0,4.7,267,1143
https://www.ikea.com/us/en/cat/outdoor-furniture-od003/,https://www.ikea.com/us/en/p/naemmaroe-reclining-chair-outdoor-foldable-light-brown-stained-50510301/,Naemmaroe Reclining Chair Outdoor Foldable Light Brown Stained,85.0,4.6,548,2636
https://www.ikea.com/us/en/cat/outdoor-furniture-od003/,https://www.ikea.com/us/en/p/naemmaroe-4-seat-lounge-set-light-brown-stained-kuddarna-light-grey-beige-s89575400/,Naemmaroe 4 Seat Lounge Set Light Brown Stained Kuddarna Light Grey Beige S89575400,690.0,3.9,7,829
https://www.ikea.com/us/en/cat/outdoor-furniture-od003/,https://www.ikea.com/us/en/p/naemmaroe-4-seat-lounge-set-light-brown-stained-froesoen-duvholmen-beige-s19584276/,Naemmaroe 4 Seat Lounge Set Light Brown Stained Froesoen Duvholmen Beige S19584276,890.0,3.9,7,886
https://www.ikea.com/us/en/cat/outdoor-furniture-od003/,https://www.ikea.com/us/en/p/naemmaroe-4-seat-conversation-set-outdoor-light-brown-stained-s89579304/,Naemmaroe 4 Seat Conversation Set Outdoor Light Brown Stained S89579304,490.0,3.9,7,718
https://www.ikea.com/us/en/cat/outdoor-furniture-od003/,https://www.ikea.com/us/en/p/naemmaroe-stool-outdoor-foldable-light-brown-stained-70510300/,Naemmaroe Stool Outdoor Foldable Light Brown Stained,40.0,4.8,676,2245
https://www.ikea.com/us/en/cat/outdoor-furniture-od003/,https://www.ikea.com/us/en/p/naemmaroe-table-6-armchairs-outdoor-light-brown-stained-s79544386/,Naemmaroe Table 6 Armchairs Outdoor Light Brown Stained S79544386,699.99,3.7,6,1247
https://www.ikea.com/us/en/cat/outdoor-furniture-od003/,https://www.ikea.com/us/en/p/naemmaroe-table-6-reclining-chairs-outdoor-light-brown-stained-froesoen-duvholmen-beige-s59534637/,Naemmaroe Table 6 Reclining Chairs Outdoor Light Brown Stained Froesoen Duvholmen Beige S59534637,1119.99,3.7,6,1471
https://www.ikea.com/us/en/cat/outdoor-furniture-od003/,https://www.ikea.com/us/en/p/naemmaroe-table-6-reclining-chairs-outdoor-light-brown-stained-kuddarna-light-grey-beige-s19576083/,Naemmaroe Table 6 Reclining Chairs Outdoor Light Brown Stained Kuddarna Light Grey Beige S19576083,969.99,3.7,6,1141
https://www.ikea.com/us/en/cat/outdoor-furniture-od003/,https://www.ikea.com/us/en/p/naemmaroe-table-6-armchairs-outdoor-light-brown-stained-kuddarna-light-grey-beige-s69576085/,Naemmaroe Table 6 Armchairs Outdoor Light Brown Stained Kuddarna Light Grey Beige S69576085,789.99,3.7,6,1126
https://www.ikea.com/us/en/cat/outdoor-furniture-od003/,https://www.ikea.com/us/en/p/naemmaroe-vaesman-table-6-armchairs-outdoor-light-brown-stained-brown-s09544747/,Naemmaroe Vaesman Table 6 Armchairs Outdoor Light Brown Stained Brown S09544747,759.99,3.7,6,1104
https://www.ikea.com/us/en/cat/outdoor-furniture-od003/,https://www.ikea.com/us/en/p/naemmaroe-table-6-reclining-chairs-outdoor-light-brown-stained-s99579313/,Naemmaroe Table 6 Reclining Chairs Outdoor Light Brown Stained S99579313,759.99,3.7,6,875
https://www.ikea.com/us/en/cat/outdoor-furniture-od003/,https://www.ikea.com/us/en/p/naemmaroe-corner-sofa-4-seat-outdoor-light-brown-stained-froesoen-duvholmen-beige-s69611159/,Naemmaroe Corner Sofa 4 Seat Outdoor Light Brown Stained Froesoen Duvholmen Beige S69611159,1530.0,3.8,6,1326
https://www.ikea.com/us/en/cat/outdoor-furniture-od003/,https://www.ikea.com/us/en/p/naemmaroe-corner-sofa-4-seat-outdoor-light-brown-stained-s59607596/,Naemmaroe Corner Sofa 4 Seat Outdoor Light Brown Stained S59607596,1020.0,3.8,6,1117
https://www.ikea.com/us/en/cat/outdoor-furniture-od003/,https://www.ikea.com/us/en/p/naemmaroe-armchair-outdoor-light-brown-stained-90511105/,Naemmaroe Armchair Outdoor Light Brown Stained,75.0,4.6,200,2122
https://www.ikea.com/us/en/cat/outdoor-furniture-od003/,https://www.ikea.com/us/en/p/naemmaroe-lounge-chair-outdoor-light-brown-stained-froesoen-duvholmen-beige-s89609023/,Naemmaroe Lounge Chair Outdoor Light Brown Stained Froesoen Duvholmen Beige S89609023,210.0,4.8,32,861
https://www.ikea.com/us/en/cat/outdoor-furniture-od003/,https://www.ikea.com/us/en/p/naemmaroe-lounge-chair-outdoor-light-brown-stained-kuddarna-light-grey-beige-s69575420/,Naemmaroe Lounge Chair Outdoor Light Brown Stained Kuddarna Light Grey Beige S69575420,160.0,4.8,32,811
https://www.ikea.com/us/en/cat/outdoor-furniture-od003/,https://www.ikea.com/us/en/p/naemmaroe-seat-sec-for-modular-sofa-outdoor-light-brown-stained-10510299/,Naemmaroe Seat Sec For Modular Sofa Outdoor Light Brown Stained,70.0,4.8,225,1885
https://www.ikea.com/us/en/cat/outdoor-furniture-od003/,https://www.ikea.com/us/en/p/revskaer-3-seat-conversation-set-anthracite-outdoor-50565505/,Revskaer 3 Seat Conversation Set Anthracite Outdoor,380.0,4.7,61,1517
https://www.ikea.com/us/en/cat/outdoor-furniture-od003/,https://www.ikea.com/us/en/p/skarpoe-armchair-outdoor-beige-50575811/,Skarpoe Armchair Outdoor Beige,119.99,4.7,1034,1564
https://www.ikea.com/us/en/cat/outdoor-furniture-od003/,https://www.ikea.com/us/en/p/skarpoe-armchair-outdoor-white-70234185/,Skarpoe Armchair Outdoor White,119.99,4.7,1034,1586
https://www.ikea.com/us/en/cat/outdoor-furniture-od003/,https://www.ikea.com/us/en/p/naemmaroe-storage-box-light-brown-stained-indoor-outdoor-40532742/,Naemmaroe Storage Box Light Brown Stained Indoor Outdoor,125.0,4.6,268,1950
https://www.ikea.com/us/en/cat/outdoor-furniture-od003/,https://www.ikea.com/us/en/p/naemmaroe-bench-with-backrest-outdoor-light-brown-stained-30510302/,Naemmaroe Bench With Backrest Outdoor Light Brown Stained,145.0,4.6,226,2135
https://www.ikea.com/us/en/cat/outdoor-furniture-od003/,https://www.ikea.com/us/en/p/naemmaroe-chaise-outdoor-light-brown-stained-30503354/,Naemmaroe Chaise Outdoor Light Brown Stained,199.99,4.5,144,2144
https://www.ikea.com/us/en/cat/outdoor-furniture-od003/,https://www.ikea.com/us/en/p/naemmaroe-chaise-outdoor-light-brown-stained-froesoen-duvholmen-beige-s29534889/,Naemmaroe Chaise Outdoor Light Brown Stained Froesoen Duvholmen Beige S29534889,324.99,4.5,156,1835
https://www.ikea.com/us/en/cat/outdoor-furniture-od003/,https://www.ikea.com/us/en/p/naemmaroe-chaise-outdoor-light-brown-stained-kuddarna-light-grey-beige-s49576029/,Naemmaroe Chaise Outdoor Light Brown Stained Kuddarna Light Grey Beige S49576029,249.99,4.5,156,1353
https://www.ikea.com/us/en/cat/outdoor-furniture-od003/,https://www.ikea.com/us/en/p/tanebro-side-table-indoor-outdoor-pale-yellow-70605162/,Tanebro Side Table Indoor Outdoor Pale Yellow,29.99,4.7,140,1180
https://www.ikea.com/us/en/cat/outdoor-furniture-od003/,https://www.ikea.com/us/en/p/tanebro-side-table-indoor-outdoor-anthracite-60578970/,Tanebro Side Table Indoor Outdoor Anthracite,29.99,4.7,140,1191
https://www.ikea.com/us/en/cat/outdoor-furniture-od003/,https://www.ikea.com/us/en/p/tanebro-side-table-indoor-outdoor-light-grey-beige-60554988/,Tanebro Side Table Indoor Outdoor Light Grey Beige,29.99,4.7,140,1194
https://www.ikea.com/us/en/cat/outdoor-furniture-od003/,https://www.ikea.com/us/en/p/naemmaroe-chair-outdoor-foldable-light-brown-stained-50503353/,Naemmaroe Chair Outdoor Foldable Light Brown Stained,50.0,4.5,203,2642
https://www.ikea.com/us/en/cat/outdoor-furniture-od003/,https://www.ikea.com/us/en/p/helgeoe-decorating-rod-for-table-black-adjustable-outdoor-indoor-50562050/,Helgeoe Decorating Rod For Table Black Adjustable Outdoor Indoor,49.99,4.6,196,1323
https://www.ikea.com/us/en/cat/outdoor-furniture-od003/,https://www.ikea.com/us/en/p/naemmaroe-3-seat-sofa-with-footstool-light-brown-stained-kuddarna-light-grey-beige-s29576025/,Naemmaroe 3 Seat Sofa With Footstool Light Brown Stained Kuddarna Light Grey Beige S29576025,650.0,5.0,8,767
https://www.ikea.com/us/en/cat/outdoor-furniture-od003/,https://www.ikea.com/us/en/p/naemmaroe-3-seat-sofa-with-footstool-light-brown-stained-froesoen-duvholmen-beige-s99610441/,Naemmaroe 3 Seat Sofa With Footstool Light Brown Stained Froesoen Duvholmen Beige S99610441,865.0,5.0,8,952
https://www.ikea.com/us/en/cat/outdoor-furniture-od003/,https://www.ikea.com/us/en/p/naemmaroe-3-seat-sofa-with-footstool-light-brown-stained-s39579311/,Naemmaroe 3 Seat Sofa With Footstool Light Brown Stained S39579311,430.0,5.0,8,653
https://www.ikea.com/us/en/cat/outdoor-furniture-od003/,https://www.ikea.com/us/en/p/naemmaroe-bench-outdoor-light-brown-stained-60510310/,Naemmaroe Bench Outdoor Light Brown Stained,100.0,4.7,247,2128
https://www.ikea.com/us/en/cat/outdoor-furniture-od003/,https://www.ikea.com/us/en/p/naemmaroe-table-2-chairs-and-bench-outdoor-light-brown-stained-s39544374/,Naemmaroe Table 2 Chairs And Bench Outdoor Light Brown Stained S39544374,449.99,4.4,63,1423
https://www.ikea.com/us/en/cat/outdoor-furniture-od003/,https://www.ikea.com/us/en/p/naemmaroe-table-and-4-armchairs-outdoor-light-brown-stained-s59544405/,Naemmaroe Table And 4 Armchairs Outdoor Light Brown Stained S59544405,499.99,4.4,63,1391
https://www.ikea.com/us/en/cat/outdoor-furniture-od003/,https://www.ikea.com/us/en/p/naemmaroe-table-2-chairs-and-bench-outdoor-light-brown-stained-kuddarna-light-grey-beige-s09576069/,Naemmaroe Table 2 Chairs And Bench Outdoor Light Brown Stained Kuddarna Light Grey Beige S09576069,509.99,4.4,63,1373
https://www.ikea.com/us/en/cat/outdoor-furniture-od003/,https://www.ikea.com/us/en/p/naemmaroe-table-and-4-armchairs-outdoor-light-brown-stained-kuddarna-light-grey-beige-s19576078/,Naemmaroe Table And 4 Armchairs Outdoor Light Brown Stained Kuddarna Light Grey Beige S19576078,559.99,4.4,63,1280
https://www.ikea.com/us/en/cat/outdoor-furniture-od003/,https://www.ikea.com/us/en/p/naemmaroe-table-2-chairs-and-bench-outdoor-light-brown-stained-froesoen-duvholmen-beige-s99505398/,Naemmaroe Table 2 Chairs And Bench Outdoor Light Brown Stained Froesoen Duvholmen Beige S99505398,519.99,4.4,63,1901
https://www.ikea.com/us/en/cat/outdoor-furniture-od003/,https://www.ikea.com/us/en/p/naemmaroe-table-and-4-folding-chairs-outdoor-light-brown-stained-s19544723/,Naemmaroe Table And 4 Folding Chairs Outdoor Light Brown Stained S19544723,399.99,4.4,63,1394
https://www.ikea.com/us/en/cat/outdoor-furniture-od003/,https://www.ikea.com/us/en/p/naemmaroe-vaesman-table-and-4-armchairs-outdoor-light-brown-stained-brown-s49544745/,Naemmaroe Vaesman Table And 4 Armchairs Outdoor Light Brown Stained Brown S49544745,539.99,4.4,63,1257
https://www.ikea.com/us/en/cat/outdoor-furniture-od003/,https://www.ikea.com/us/en/p/naemmaroe-lounge-chair-outdoor-light-brown-stained-40510306/,Naemmaroe Lounge Chair Outdoor Light Brown Stained,110.0,4.8,100,1781
https://www.ikea.com/us/en/cat/outdoor-furniture-od003/,https://www.ikea.com/us/en/p/askholmen-table-for-wall-outdoor-folding-dark-brown-70557496/,Askholmen Table For Wall Outdoor Folding Dark Brown,29.99,4.8,99,1566
https://www.ikea.com/us/en/cat/outdoor-furniture-od003/,https://www.ikea.com/us/en/p/jolpen-loveseat-outdoor-white-gray-60515483/,Jolpen Loveseat Outdoor White Gray,79.99,4.5,159,943
https://www.ikea.com/us/en/cat/outdoor-furniture-od003/,https://www.ikea.com/us/en/p/vaesman-ensholm-table-6-chairs-outdoor-extendable-light-brown-stained-green-s69581732/,Vaesman Ensholm Table 6 Chairs Outdoor Extendable Light Brown Stained Green S69581732,619.99,5.0,8,818
https://www.ikea.com/us/en/cat/outdoor-furniture-od003/,https://www.ikea.com/us/en/p/vaesman-tallskaer-table-6-armchairs-outdoor-extendable-light-brown-stained-anthracite-kuddarna-light-gray-beige-s19584484/,Vaesman Tallskaer Table 6 Armchairs Outdoor Extendable Light Brown Stained Anthracite Kuddarna Light Gray Beige S19584484,1189.99,5.0,8,866
https://www.ikea.com/us/en/cat/outdoor-furniture-od003/,https://www.ikea.com/us/en/p/vaesman-vaesman-table-6-armchairs-outdoor-extendable-light-brown-stained-black-s89582679/,Vaesman Vaesman Table 6 Armchairs Outdoor Extendable Light Brown Stained Black S89582679,799.99,5.0,8,806
https://www.ikea.com/us/en/cat/outdoor-furniture-od003/,https://www.ikea.com/us/en/p/vaesman-vaesman-table-6-armchairs-outdoor-extendable-light-brown-stained-brown-s99581641/,Vaesman Vaesman Table 6 Armchairs Outdoor Extendable Light Brown Stained Brown S99581641,799.99,5.0,8,806
https://www.ikea.com/us/en/cat/outdoor-furniture-od003/,https://www.ikea.com/us/en/p/vaesman-tallskaer-table-6-armchairs-outdoor-extendable-light-brown-stained-anthracite-s49582676/,Vaesman Tallskaer Table 6 Armchairs Outdoor Extendable Light Brown Stained Anthracite S49582676,1099.99,5.0,8,813
https://www.ikea.com/us/en/cat/outdoor-furniture-od003/,https://www.ikea.com/us/en/p/mabaersskaer-coffee-table-outdoor-indoor-white-30597164/,Mabaersskaer Coffee Table Outdoor Indoor White,49.99,4.7,23,871
